DEP;Mois de l'acte de vente;apr-04;mei-04;jun-04;jul-04;aug-04;sep-04;okt-04;nov-04;dec-04;jan-05;feb-05;mrt-05;apr-05;mei-05;jun-05;jul-05;aug-05;sep-05;okt-05;nov-05;dec-05;jan-06;feb-06;mrt-06;apr-06;mei-06;jun-06;jul-06;aug-06;sep-06;okt-06;nov-06;dec-06;jan-07;feb-07;mrt-07;apr-07;mei-07;jun-07;jul-07;aug-07;sep-07;okt-07;nov-07;dec-07;jan-08;feb-08;mrt-08;apr-08;mei-08;jun-08;jul-08;aug-08;sep-08;okt-08;nov-08;dec-08;jan-09;feb-09;mrt-09;apr-09;mei-09;jun-09;jul-09;aug-09;sep-09;okt-09;nov-09;dec-09;jan-10;feb-10;mrt-10;apr-10;mei-10;jun-10;jul-10;aug-10;sep-10;okt-10;nov-10;dec-10;jan-11;feb-11;mrt-11;apr-11;mei-11;jun-11;jul-11;aug-11;sep-11;okt-11;nov-11;dec-11;jan-12;feb-12;mrt-12;apr-12;mei-12;jun-12;jul-12;aug-12;sep-12;okt-12;nov-12;dec-12;jan-13;feb-13;mrt-13;apr-13;mei-13;jun-13;jul-13;aug-13;sep-13;okt-13;nov-13;dec-13;jan-14;feb-14;mrt-14;apr-14;mei-14;jun-14;jul-14;aug-14;sep-14;okt-14;nov-14;dec-14;jan-15;feb-15;mrt-15;apr-15;mei-15;jun-15;jul-15;aug-15;sep-15;okt-15;nov-15;dec-15;jan-16;feb-16;mrt-16;apr-16;mei-16;jun-16;jul-16;aug-16;sep-16;okt-16;nov-16;dec-16;jan-17;feb-17;mrt-17;apr-17;mei-17;jun-17;jul-17;aug-17;sep-17;okt-17;nov-17;dec-17;jan-18;feb-18;mrt-18;apr-18;mei-18;jun-18;jul-18;aug-18;sep-18;okt-18;nov-18;dec-18;jan-19;feb-19;mrt-19;apr-19;mei-19;jun-19;jul-19;aug-19;sep-19;okt-19;nov-19;dec-19;jan-20;feb-20;mrt-20;apr-20;mei-20;jun-20;jul-20;aug-20;sep-20;okt-20;nov-20;dec-20;jan-21;feb-21;mrt-21;apr-21;mei-21;jun-21;jul-21;aug-21;sep-21;okt-21;nov-21;dec-21;jan-22;feb-22;mrt-22;apr-22;mei-22;jun-22;jul-22;aug-22;sep-22;okt-22;nov-22;dec-22;jan-23;feb-23;mrt-23;apr-23;mei-23;jun-23;jul-23;aug-23;sep-23;okt-23;nov-23;dec-23;jan-24;feb-24;mrt-24;apr-24;mei-24;jun-24;jul-24;aug-24;sep-24;okt-24;nov-24;dec-24;jan-25;feb-25;mrt-25;apr-25;mei-25;jun-25;jul-25;aug-25;sep-25;okt-25;nov-25;dec-25;;;;;;;;;;;;;;;;;;;;;;;;;;;;;;;;;;;;;;;;;;;;;;;;;;;;;
01;Ain;;;;;;;;;;;;;-1%;-2%;-4%;-3%;-3%;-2%;-3%;-4%;-5%;-4%;-4%;-3%;0%;2%;4%;4%;6%;6%;7%;8%;9%;8%;9%;6%;6%;4%;4%;2%;3%;2%;1%;0%;-1%;-2%;-2%;-3%;-6%;-5%;-8%;-7%;-11%;-12%;-12%;-12%;-14%;-14%;-17%;-16%;-16%;-19%;-16%;-18%;-15%;-14%;-14%;-14%;-11%;-7%;-2%;0%;3%;9%;10%;13%;14%;15%;18%;23%;23%;20%;19%;20%;21%;17%;18%;18%;19%;17%;14%;8%;9%;10%;10%;5%;1%;0%;-1%;-7%;-10%;-11%;-10%;-10%;-10%;-17%;-18%;-14%;-12%;-11%;-10%;-7%;-3%;-3%;-2%;1%;1%;6%;9%;5%;3%;3%;0%;0%;-2%;-4%;-5%;-7%;-10%;-10%;-13%;-9%;-8%;-7%;-4%;-2%;1%;4%;8%;10%;15%;17%;18%;17%;18%;17%;15%;15%;13%;9%;7%;6%;6%;5%;6%;7%;7%;6%;8%;8%;8%;12%;13%;12%;13%;13%;12%;11%;10%;10%;9%;7%;6%;5%;4%;6%;3%;2%;2%;2%;2%;2%;5%;5%;6%;6%;7%;6%;9%;10%;9%;6%;2%;4%;-1%;-3%;-3%;-4%;-3%;-3%;-5%;-6%;-3%;4%;12%;11%;18%;24%;25%;25%;24%;23%;24%;24%;22%;16%;12%;11%;5%;1%;-2%;-3%;-3%;-4%;-5%;-6%;-7%;-8%;-10%;-11%;-12%;-13%;-14%;-14%;-16%;-19%;-20%;-20%;-20%;-21%;-22%;-22%;-20%;;;;;;;;;;;;;;;;;;;;;;;;;;;;;;;;;;;;;;;;;;;;;;;;;;;;;;;;;;;;;;;;;;;;;;;
02;Aisne;;;;;;;;;;;;;3%;3%;2%;2%;3%;3%;4%;2%;5%;5%;5%;3%;2%;1%;0%;0%;1%;1%;0%;0%;-1%;-2%;-2%;-1%;0%;2%;2%;2%;1%;1%;0%;0%;-1%;-1%;0%;-1%;-4%;-6%;-7%;-7%;-9%;-10%;-10%;-11%;-13%;-14%;-17%;-19%;-19%;-20%;-20%;-21%;-21%;-20%;-20%;-19%;-17%;-12%;-8%;-4%;-2%;1%;4%;7%;11%;12%;13%;16%;17%;14%;12%;11%;10%;8%;9%;7%;7%;6%;4%;0%;-2%;1%;2%;-2%;-2%;-2%;-3%;-6%;-9%;-10%;-10%;-10%;-10%;-17%;-19%;-16%;-15%;-14%;-13%;-11%;-9%;-8%;-5%;-3%;-1%;5%;8%;8%;8%;7%;3%;4%;3%;2%;1%;-3%;-7%;-5%;-6%;-9%;-7%;-5%;-2%;-1%;2%;4%;6%;12%;15%;12%;11%;12%;12%;12%;8%;8%;6%;4%;2%;-1%;0%;2%;5%;6%;5%;5%;10%;9%;9%;12%;12%;10%;10%;10%;6%;7%;5%;4%;1%;1%;0%;0%;1%;3%;1%;1%;2%;1%;3%;3%;5%;4%;6%;5%;5%;6%;6%;7%;8%;4%;-1%;1%;-2%;-2%;-2%;-1%;0%;-1%;0%;1%;1%;10%;18%;18%;24%;27%;28%;26%;23%;21%;21%;16%;18%;12%;10%;8%;2%;0%;-4%;-4%;-3%;-5%;-7%;-6%;-8%;-10%;-13%;-15%;-14%;-15%;-14%;-14%;-16%;-15%;-14%;-13%;-14%;-13%;-12%;-11%;-10%;;;;;;;;;;;;;;;;;;;;;;;;;;;;;;;;;;;;;;;;;;;;;;;;;;;;;;;;;;;;;;;;;;;;;;;
03;Allier;;;;;;;;;;;;;1%;2%;0%;4%;2%;5%;2%;4%;4%;5%;2%;4%;6%;8%;7%;4%;4%;1%;3%;1%;-1%;-2%;-2%;-4%;-6%;-7%;-6%;-5%;-5%;-3%;-5%;-5%;-3%;-4%;-3%;-2%;-2%;-1%;-2%;-1%;-3%;-5%;-4%;-6%;-9%;-10%;-13%;-16%;-16%;-19%;-20%;-23%;-24%;-23%;-24%;-21%;-19%;-16%;-12%;-7%;-5%;-1%;1%;6%;10%;13%;16%;16%;16%;16%;15%;15%;13%;11%;12%;11%;10%;8%;5%;4%;2%;3%;3%;0%;0%;-1%;-2%;-5%;-8%;-7%;-7%;-7%;-6%;-12%;-13%;-10%;-8%;-7%;-7%;-5%;-2%;-3%;-2%;-1%;-2%;1%;4%;1%;-1%;-1%;-2%;-2%;-2%;-3%;-2%;-5%;-6%;-3%;-5%;-4%;-4%;-3%;-3%;-3%;-2%;-1%;2%;6%;8%;6%;5%;6%;8%;7%;6%;8%;8%;7%;4%;2%;2%;2%;6%;7%;6%;7%;10%;7%;7%;9%;9%;9%;9%;8%;5%;4%;3%;1%;0%;0%;0%;-1%;0%;1%;-1%;2%;3%;3%;3%;4%;6%;8%;7%;6%;5%;7%;7%;5%;4%;0%;-2%;-1%;-5%;-8%;-5%;-4%;0%;0%;2%;3%;4%;13%;21%;22%;27%;35%;32%;31%;25%;23%;21%;20%;20%;13%;10%;7%;4%;0%;-2%;-3%;-1%;-4%;-3%;-4%;-5%;-5%;-7%;-8%;-8%;-11%;-11%;-10%;-13%;-13%;-14%;-15%;-16%;-16%;-15%;-16%;-15%;;;;;;;;;;;;;;;;;;;;;;;;;;;;;;;;;;;;;;;;;;;;;;;;;;;;;;;;;;;;;;;;;;;;;;;
04;Alpes-de-Haute-Provence;;;;;;;;;;;;;-4%;-7%;-7%;-6%;-5%;-4%;-4%;-3%;-1%;0%;0%;-2%;-3%;-4%;-4%;-7%;-6%;-5%;-6%;-7%;-11%;-12%;-10%;-11%;-8%;-5%;-8%;-5%;-6%;-8%;-6%;-6%;-2%;-1%;-4%;-3%;-6%;-8%;-8%;-10%;-10%;-11%;-12%;-13%;-17%;-18%;-18%;-20%;-20%;-19%;-20%;-20%;-18%;-19%;-17%;-14%;-11%;-7%;-5%;-1%;3%;7%;11%;14%;13%;19%;20%;20%;24%;19%;21%;22%;20%;16%;16%;17%;15%;13%;9%;7%;4%;10%;7%;1%;-1%;-4%;-7%;-11%;-12%;-13%;-13%;-14%;-13%;-24%;-24%;-21%;-19%;-16%;-12%;-10%;-8%;-4%;-3%;-1%;0%;9%;12%;11%;8%;8%;3%;4%;5%;0%;0%;0%;-4%;-4%;-6%;-4%;-2%;-1%;0%;2%;-1%;2%;3%;2%;3%;4%;3%;1%;2%;2%;2%;3%;4%;3%;3%;4%;7%;9%;10%;13%;12%;14%;15%;15%;16%;17%;19%;17%;16%;14%;14%;12%;11%;8%;8%;2%;2%;3%;1%;4%;1%;0%;0%;2%;2%;4%;5%;9%;10%;9%;9%;8%;13%;15%;12%;6%;6%;4%;1%;-2%;-4%;-4%;-4%;-1%;-4%;-4%;1%;8%;14%;15%;21%;25%;32%;31%;30%;27%;28%;26%;23%;19%;15%;13%;9%;8%;1%;0%;0%;-3%;-4%;-5%;-7%;-9%;-11%;-11%;-10%;-13%;-13%;-13%;-15%;-16%;-15%;-14%;-16%;-15%;-14%;-16%;-16%;;;;;;;;;;;;;;;;;;;;;;;;;;;;;;;;;;;;;;;;;;;;;;;;;;;;;;;;;;;;;;;;;;;;;;;
05;Hautes-Alpes;;;;;;;;;;;;;-5%;-8%;-6%;-6%;-6%;-7%;-7%;-5%;-1%;-5%;-5%;-5%;-5%;-1%;-3%;-4%;-4%;-4%;-4%;-4%;-5%;-4%;-4%;-3%;-2%;-3%;-2%;-1%;-1%;0%;-1%;-4%;-3%;-5%;-2%;-4%;-5%;-4%;-4%;-6%;-7%;-10%;-10%;-10%;-13%;-12%;-17%;-19%;-19%;-23%;-25%;-23%;-23%;-21%;-19%;-17%;-13%;-11%;-6%;-1%;2%;7%;14%;13%;15%;20%;19%;20%;19%;20%;19%;20%;20%;20%;16%;19%;18%;15%;14%;12%;13%;16%;14%;9%;7%;4%;2%;-2%;-4%;-7%;-7%;-6%;-8%;-19%;-19%;-17%;-16%;-14%;-11%;-10%;-7%;-4%;-3%;-3%;1%;11%;11%;12%;8%;9%;6%;5%;6%;2%;2%;-4%;-12%;-10%;-7%;-11%;-6%;-6%;-6%;-4%;-6%;-3%;-2%;9%;15%;13%;3%;9%;5%;3%;6%;6%;7%;5%;4%;1%;2%;1%;10%;5%;8%;14%;11%;12%;10%;15%;14%;13%;13%;16%;12%;17%;15%;9%;14%;11%;12%;10%;12%;12%;9%;7%;6%;4%;5%;5%;3%;5%;6%;4%;3%;7%;8%;12%;11%;8%;5%;7%;3%;1%;-1%;1%;4%;0%;-1%;-2%;2%;8%;12%;14%;19%;25%;26%;26%;23%;24%;23%;20%;19%;13%;13%;9%;6%;3%;2%;-2%;-2%;-2%;-4%;-2%;-5%;-6%;-8%;-10%;-13%;-16%;-17%;-14%;-16%;-18%;-15%;-17%;-20%;-19%;-20%;-19%;-16%;;;;;;;;;;;;;;;;;;;;;;;;;;;;;;;;;;;;;;;;;;;;;;;;;;;;;;;;;;;;;;;;;;;;;;;
06;Alpes-Maritimes;;;;;;;;;;;;;-4%;-6%;-5%;-4%;-3%;-4%;-4%;-2%;-2%;-1%;-1%;0%;0%;2%;1%;-1%;0%;0%;0%;-1%;-1%;-3%;-3%;-5%;-4%;-4%;-4%;-2%;-1%;-2%;-2%;-2%;-2%;-2%;-2%;-1%;-3%;-5%;-6%;-7%;-10%;-12%;-12%;-15%;-17%;-19%;-21%;-23%;-23%;-25%;-24%;-24%;-23%;-20%;-18%;-14%;-11%;-5%;0%;5%;8%;15%;18%;22%;23%;24%;24%;25%;27%;22%;20%;20%;18%;14%;12%;10%;10%;10%;6%;4%;1%;5%;5%;0%;-1%;-2%;-2%;-5%;-8%;-10%;-10%;-11%;-13%;-24%;-25%;-22%;-20%;-20%;-18%;-16%;-13%;-12%;-10%;-6%;-3%;9%;12%;11%;7%;8%;5%;5%;6%;4%;1%;-2%;-6%;-7%;-11%;-9%;-7%;-6%;-5%;-3%;-4%;-1%;3%;7%;10%;10%;14%;13%;16%;14%;15%;14%;15%;13%;11%;9%;10%;9%;9%;9%;7%;9%;10%;10%;10%;11%;11%;11%;11%;12%;10%;10%;9%;7%;6%;5%;3%;3%;3%;4%;2%;2%;3%;3%;5%;6%;7%;8%;10%;9%;8%;9%;10%;9%;9%;4%;-2%;-2%;-4%;-6%;-8%;-8%;-7%;-8%;-9%;-9%;-10%;-1%;7%;8%;11%;15%;16%;17%;16%;16%;16%;17%;20%;14%;12%;11%;9%;8%;8%;7%;8%;6%;6%;4%;1%;0%;-3%;-5%;-8%;-10%;-13%;-14%;-16%;-17%;-18%;-18%;-20%;-20%;-21%;-21%;-20%;;;;;;;;;;;;;;;;;;;;;;;;;;;;;;;;;;;;;;;;;;;;;;;;;;;;;;;;;;;;;;;;;;;;;;;
07;Ardèche;;;;;;;;;;;;;1%;1%;0%;0%;-2%;-3%;-3%;-1%;-1%;0%;0%;-1%;0%;1%;3%;2%;2%;3%;5%;5%;3%;1%;0%;-1%;0%;-1%;-2%;-1%;0%;0%;-2%;-4%;-3%;-2%;0%;1%;-2%;-2%;-4%;-5%;-8%;-11%;-9%;-11%;-12%;-13%;-19%;-20%;-20%;-21%;-21%;-22%;-22%;-18%;-20%;-18%;-15%;-13%;-7%;-4%;0%;2%;6%;12%;16%;15%;19%;22%;20%;21%;18%;21%;19%;20%;16%;15%;13%;13%;11%;7%;5%;8%;10%;4%;1%;-1%;0%;-4%;-6%;-7%;-7%;-7%;-7%;-15%;-17%;-15%;-13%;-13%;-13%;-10%;-10%;-11%;-10%;-7%;-6%;2%;4%;4%;5%;5%;3%;2%;5%;9%;6%;2%;0%;-3%;-6%;-7%;-7%;-6%;-5%;-4%;-5%;-6%;-1%;5%;8%;9%;13%;13%;16%;16%;15%;17%;16%;14%;11%;7%;6%;7%;7%;5%;3%;2%;3%;3%;4%;10%;11%;10%;13%;12%;13%;16%;17%;17%;19%;15%;13%;8%;5%;8%;3%;3%;2%;2%;2%;0%;1%;3%;4%;5%;7%;6%;8%;9%;8%;2%;-2%;-1%;-4%;-5%;-6%;-7%;-6%;-6%;-4%;-6%;-4%;6%;14%;16%;21%;26%;26%;30%;29%;28%;26%;27%;26%;20%;16%;15%;11%;7%;6%;2%;2%;1%;0%;-2%;-5%;-7%;-9%;-11%;-12%;-13%;-15%;-13%;-16%;-18%;-18%;-17%;-18%;-17%;-18%;-18%;-17%;;;;;;;;;;;;;;;;;;;;;;;;;;;;;;;;;;;;;;;;;;;;;;;;;;;;;;;;;;;;;;;;;;;;;;;
08;Ardennes;;;;;;;;;;;;;0%;-1%;-1%;1%;1%;-1%;1%;0%;4%;0%;1%;0%;0%;2%;-1%;-4%;-3%;-1%;-2%;-1%;-3%;-1%;-1%;0%;-2%;-1%;1%;4%;4%;2%;1%;-1%;-1%;-2%;0%;-1%;0%;-3%;-4%;-5%;-6%;-6%;-7%;-6%;-8%;-8%;-12%;-14%;-18%;-18%;-19%;-21%;-22%;-21%;-19%;-19%;-17%;-16%;-13%;-10%;-3%;1%;4%;8%;10%;8%;7%;8%;8%;6%;8%;8%;4%;0%;1%;1%;3%;4%;3%;3%;4%;7%;5%;2%;3%;4%;6%;0%;-5%;-5%;-4%;-4%;-5%;-13%;-14%;-13%;-13%;-14%;-16%;-14%;-9%;-9%;-7%;-6%;-5%;3%;7%;6%;7%;10%;8%;11%;10%;6%;3%;-1%;-4%;-5%;-8%;-6%;-8%;-8%;-6%;-6%;-6%;-2%;1%;9%;11%;8%;8%;8%;10%;9%;6%;7%;7%;7%;6%;1%;4%;6%;8%;7%;7%;6%;10%;8%;6%;5%;5%;4%;4%;4%;4%;4%;4%;6%;2%;5%;7%;10%;8%;11%;7%;7%;6%;6%;7%;7%;10%;7%;6%;4%;6%;6%;7%;8%;8%;1%;-3%;-4%;-7%;-7%;-5%;-5%;-3%;-2%;-3%;-1%;0%;13%;18%;18%;20%;28%;25%;24%;21%;18%;18%;14%;12%;4%;5%;5%;3%;-4%;-3%;-4%;-6%;-6%;-5%;-3%;-3%;-2%;-6%;-7%;-5%;-6%;-8%;-6%;-6%;-6%;-7%;-9%;-11%;-10%;-12%;-13%;-13%;;;;;;;;;;;;;;;;;;;;;;;;;;;;;;;;;;;;;;;;;;;;;;;;;;;;;;;;;;;;;;;;;;;;;;;
09;Ariège;;;;;;;;;;;;;-1%;1%;-4%;-3%;-5%;-5%;-6%;-3%;-5%;-1%;-3%;-4%;-2%;0%;3%;3%;5%;7%;7%;4%;2%;0%;0%;-2%;-1%;-2%;-4%;-5%;-4%;-7%;-8%;-9%;-8%;-10%;-7%;-7%;-9%;-8%;-10%;-11%;-13%;-11%;-10%;-10%;-10%;-9%;-15%;-14%;-16%;-17%;-16%;-15%;-16%;-16%;-18%;-16%;-16%;-14%;-8%;-7%;-4%;-4%;-2%;1%;1%;6%;9%;10%;13%;10%;9%;12%;14%;15%;16%;14%;21%;14%;13%;10%;7%;10%;11%;4%;0%;0%;-4%;-3%;-11%;-10%;-8%;-8%;-8%;-14%;-18%;-14%;-12%;-10%;-6%;-7%;-1%;-1%;-6%;-4%;-2%;2%;9%;6%;5%;4%;1%;0%;-3%;-4%;0%;-4%;-5%;-6%;-10%;-10%;-8%;-7%;-7%;-6%;-4%;0%;2%;8%;7%;10%;11%;14%;14%;13%;16%;19%;19%;14%;12%;9%;13%;13%;13%;13%;14%;12%;10%;6%;8%;12%;12%;12%;11%;8%;6%;6%;2%;5%;6%;6%;0%;0%;0%;-3%;-4%;-1%;0%;1%;4%;3%;5%;4%;10%;9%;9%;14%;13%;13%;14%;8%;5%;6%;1%;1%;-1%;-1%;0%;1%;2%;1%;1%;10%;17%;18%;26%;32%;34%;34%;33%;30%;28%;29%;25%;20%;16%;14%;6%;0%;-1%;-3%;-4%;-6%;-4%;-6%;-5%;-7%;-9%;-10%;-9%;-8%;-11%;-11%;-12%;-12%;-15%;-16%;-18%;-18%;-17%;-17%;-17%;;;;;;;;;;;;;;;;;;;;;;;;;;;;;;;;;;;;;;;;;;;;;;;;;;;;;;;;;;;;;;;;;;;;;;;
10;Aube;;;;;;;;;;;;;0%;-2%;0%;2%;1%;2%;3%;5%;6%;6%;6%;4%;4%;8%;5%;5%;7%;5%;5%;5%;6%;4%;3%;2%;1%;-1%;-1%;-3%;-3%;-2%;-4%;-6%;-8%;-7%;-6%;-7%;-7%;-9%;-10%;-8%;-11%;-14%;-11%;-12%;-12%;-14%;-17%;-16%;-18%;-17%;-17%;-18%;-16%;-13%;-14%;-13%;-11%;-7%;-3%;1%;5%;9%;12%;13%;14%;12%;15%;17%;17%;14%;14%;11%;9%;5%;6%;6%;8%;10%;7%;3%;5%;10%;9%;7%;7%;7%;4%;0%;-5%;-8%;-7%;-7%;-10%;-20%;-21%;-20%;-19%;-19%;-17%;-16%;-14%;-13%;-11%;-10%;-8%;-1%;2%;2%;-1%;3%;1%;3%;5%;5%;4%;-3%;-7%;-3%;-5%;-5%;-2%;-5%;-5%;-4%;-4%;-4%;-1%;12%;17%;9%;11%;11%;11%;15%;15%;16%;14%;13%;11%;5%;6%;11%;12%;10%;12%;10%;9%;8%;9%;11%;11%;9%;8%;8%;4%;7%;2%;2%;2%;1%;0%;1%;0%;1%;1%;0%;4%;3%;6%;8%;11%;11%;13%;11%;11%;12%;10%;12%;10%;5%;1%;1%;-5%;-5%;-6%;-6%;-4%;-3%;-2%;-3%;-2%;8%;15%;15%;22%;25%;25%;26%;23%;20%;21%;20%;19%;12%;9%;7%;2%;0%;-1%;-4%;-4%;-5%;-6%;-5%;-8%;-9%;-10%;-12%;-11%;-14%;-15%;-13%;-15%;-16%;-16%;-17%;-17%;-16%;-15%;-15%;-14%;;;;;;;;;;;;;;;;;;;;;;;;;;;;;;;;;;;;;;;;;;;;;;;;;;;;;;;;;;;;;;;;;;;;;;;
11;Aude;;;;;;;;;;;;;-5%;-4%;-4%;-4%;-4%;-5%;-3%;-5%;-5%;-4%;-5%;-3%;-2%;-1%;-2%;-2%;0%;1%;1%;3%;3%;1%;2%;2%;1%;2%;2%;1%;1%;0%;0%;-1%;-2%;-3%;-2%;-2%;-1%;-3%;-4%;-4%;-6%;-7%;-7%;-9%;-11%;-11%;-16%;-18%;-21%;-22%;-22%;-23%;-23%;-22%;-22%;-19%;-17%;-14%;-10%;-5%;-1%;5%;7%;10%;14%;14%;18%;18%;21%;21%;20%;19%;17%;12%;12%;11%;11%;11%;6%;4%;2%;1%;0%;-2%;-3%;-3%;-5%;-6%;-10%;-11%;-9%;-9%;-11%;-16%;-17%;-14%;-13%;-12%;-11%;-10%;-7%;-5%;-5%;-3%;-1%;5%;9%;6%;5%;7%;6%;6%;6%;3%;2%;2%;-1%;-3%;-6%;-4%;-3%;-4%;-2%;-2%;0%;1%;4%;5%;7%;11%;10%;10%;11%;12%;10%;11%;9%;9%;7%;5%;6%;4%;7%;7%;8%;8%;9%;9%;9%;12%;12%;13%;15%;14%;11%;11%;8%;7%;8%;7%;6%;4%;3%;4%;0%;1%;1%;-1%;0%;1%;1%;0%;2%;3%;2%;5%;5%;7%;4%;6%;4%;4%;1%;2%;1%;1%;3%;1%;3%;2%;9%;9%;18%;18%;22%;25%;29%;28%;26%;26%;25%;25%;22%;20%;13%;14%;11%;8%;4%;2%;2%;-1%;-1%;-2%;-5%;-5%;-7%;-9%;-10%;-13%;-13%;-13%;-14%;-16%;-16%;-18%;-18%;-19%;-18%;-19%;-18%;;;;;;;;;;;;;;;;;;;;;;;;;;;;;;;;;;;;;;;;;;;;;;;;;;;;;;;;;;;;;;;;;;;;;;;
12;Aveyron;;;;;;;;;;;;;-1%;-1%;-2%;1%;1%;0%;2%;2%;3%;4%;6%;6%;5%;6%;5%;1%;3%;3%;0%;-1%;-3%;-2%;-3%;-2%;-1%;-1%;0%;2%;2%;2%;3%;2%;3%;0%;1%;-2%;-5%;-5%;-8%;-8%;-9%;-12%;-12%;-12%;-13%;-13%;-17%;-17%;-18%;-20%;-20%;-21%;-23%;-21%;-22%;-21%;-18%;-15%;-12%;-8%;-4%;-1%;2%;6%;10%;13%;15%;16%;18%;15%;18%;17%;15%;15%;15%;13%;14%;13%;10%;8%;3%;7%;4%;1%;1%;0%;-2%;-5%;-7%;-8%;-8%;-8%;-6%;-12%;-13%;-9%;-8%;-8%;-6%;-4%;-3%;-2%;-1%;1%;2%;5%;10%;7%;7%;7%;3%;4%;4%;1%;0%;-1%;-6%;-7%;-9%;-9%;-12%;-10%;-7%;-7%;-6%;-2%;1%;2%;8%;11%;11%;11%;15%;15%;12%;13%;13%;11%;8%;8%;6%;4%;8%;8%;10%;8%;10%;10%;8%;10%;11%;8%;10%;12%;8%;7%;3%;4%;3%;1%;2%;1%;0%;3%;2%;1%;1%;3%;5%;5%;6%;6%;6%;7%;8%;9%;8%;8%;12%;6%;2%;4%;3%;2%;3%;2%;0%;-2%;-1%;0%;-3%;6%;13%;11%;14%;17%;18%;18%;21%;22%;20%;20%;21%;15%;13%;13%;10%;8%;5%;4%;3%;2%;3%;1%;-1%;-2%;-5%;-6%;-5%;-9%;-8%;-10%;-12%;-14%;-15%;-16%;-16%;-15%;-15%;-16%;-15%;;;;;;;;;;;;;;;;;;;;;;;;;;;;;;;;;;;;;;;;;;;;;;;;;;;;;;;;;;;;;;;;;;;;;;;
13;Bouches-du-Rhône;;;;;;;;;;;;;-2%;-3%;-4%;-4%;-1%;0%;-1%;-1%;0%;1%;1%;0%;0%;0%;-1%;-1%;0%;-1%;0%;0%;0%;-1%;-1%;-1%;-1%;1%;2%;2%;0%;0%;0%;-1%;-1%;-1%;-1%;0%;-2%;-5%;-6%;-6%;-6%;-9%;-9%;-10%;-12%;-12%;-16%;-17%;-18%;-18%;-18%;-19%;-19%;-16%;-14%;-12%;-9%;-4%;2%;6%;11%;15%;20%;24%;28%;29%;28%;30%;31%;25%;22%;22%;20%;18%;16%;15%;13%;12%;9%;5%;3%;8%;8%;2%;0%;-3%;-4%;-9%;-12%;-13%;-11%;-11%;-11%;-22%;-23%;-20%;-18%;-16%;-13%;-9%;-6%;-5%;-3%;0%;2%;12%;15%;14%;11%;17%;9%;6%;6%;3%;1%;-1%;-6%;-8%;-9%;-8%;-8%;-14%;-7%;-2%;0%;3%;6%;10%;15%;19%;19%;18%;21%;26%;20%;18%;16%;13%;12%;9%;8%;7%;8%;9%;9%;9%;12%;11%;12%;14%;13%;13%;13%;13%;12%;11%;9%;7%;5%;5%;3%;2%;2%;4%;2%;0%;0%;1%;2%;2%;3%;3%;6%;6%;6%;6%;7%;9%;9%;2%;-3%;-1%;-3%;-5%;-6%;-7%;-5%;-5%;-5%;-6%;-3%;8%;17%;16%;21%;26%;27%;27%;23%;21%;21%;19%;17%;10%;7%;5%;1%;-1%;-3%;-3%;-3%;-4%;-4%;-3%;-5%;-5%;-8%;-10%;-10%;-13%;-15%;-16%;-17%;-18%;-19%;-20%;-22%;-22%;-21%;-22%;-21%;;;;;;;;;;;;;;;;;;;;;;;;;;;;;;;;;;;;;;;;;;;;;;;;;;;;;;;;;;;;;;;;;;;;;;;
14;Calvados;;;;;;;;;;;;;-5%;-6%;-6%;-5%;-5%;-5%;-5%;-3%;-3%;-2%;-3%;-2%;-1%;-1%;-1%;-2%;-1%;-2%;-1%;-1%;-1%;-2%;-3%;-4%;-2%;0%;-2%;-1%;-1%;1%;-1%;-3%;-2%;-2%;0%;-1%;-3%;-5%;-5%;-5%;-8%;-11%;-11%;-12%;-15%;-16%;-20%;-22%;-21%;-23%;-23%;-25%;-24%;-22%;-21%;-20%;-17%;-12%;-7%;-2%;-1%;5%;10%;15%;17%;19%;22%;25%;27%;24%;21%;23%;23%;20%;18%;17%;18%;17%;13%;11%;8%;11%;11%;4%;2%;0%;-1%;-5%;-10%;-13%;-13%;-14%;-14%;-24%;-25%;-22%;-21%;-20%;-19%;-17%;-13%;-11%;-11%;-7%;-6%;2%;6%;7%;5%;5%;4%;5%;4%;3%;4%;-2%;-3%;-1%;-3%;-6%;-2%;0%;2%;5%;5%;10%;11%;22%;19%;18%;17%;20%;18%;17%;16%;14%;13%;9%;8%;2%;7%;8%;11%;11%;11%;11%;13%;13%;15%;16%;17%;16%;13%;12%;7%;8%;6%;3%;2%;0%;-4%;-2%;-4%;-3%;-2%;-2%;0%;-1%;0%;2%;3%;6%;9%;8%;9%;12%;12%;12%;9%;8%;4%;6%;2%;-2%;-2%;-3%;-1%;-1%;-2%;-3%;3%;6%;14%;13%;18%;25%;24%;22%;18%;14%;14%;14%;11%;8%;3%;0%;-4%;-7%;-10%;-9%;-9%;-9%;-10%;-10%;-14%;-14%;-16%;-15%;-16%;-17%;-17%;-17%;-17%;-19%;-18%;-18%;-17%;-16%;-15%;-15%;-13%;;;;;;;;;;;;;;;;;;;;;;;;;;;;;;;;;;;;;;;;;;;;;;;;;;;;;;;;;;;;;;;;;;;;;;;
15;Cantal;;;;;;;;;;;;;1%;-1%;0%;1%;2%;1%;2%;4%;3%;3%;1%;5%;2%;6%;4%;4%;2%;2%;2%;2%;0%;-2%;-1%;-4%;0%;0%;1%;2%;7%;5%;4%;3%;6%;6%;8%;8%;4%;3%;1%;0%;-5%;-5%;-4%;-7%;-10%;-12%;-16%;-17%;-17%;-20%;-21%;-20%;-19%;-20%;-19%;-18%;-16%;-13%;-9%;-6%;-4%;0%;5%;6%;7%;7%;12%;14%;15%;15%;15%;16%;16%;13%;13%;12%;13%;15%;8%;7%;4%;5%;6%;1%;1%;0%;-4%;-5%;-8%;-9%;-8%;-9%;-5%;-13%;-17%;-12%;-13%;-11%;-9%;-9%;-7%;-6%;-5%;-1%;-4%;4%;8%;7%;7%;8%;7%;9%;10%;8%;6%;3%;1%;-3%;-4%;-9%;-8%;-9%;-8%;-9%;-10%;-8%;-5%;-4%;-1%;2%;4%;7%;8%;7%;8%;10%;9%;10%;11%;8%;9%;6%;8%;10%;9%;11%;9%;10%;8%;8%;7%;6%;5%;6%;2%;2%;1%;-2%;0%;-2%;0%;2%;3%;6%;6%;8%;11%;11%;12%;15%;13%;13%;14%;9%;8%;9%;6%;5%;4%;-1%;-5%;-7%;-5%;-5%;-5%;-3%;-3%;-2%;1%;0%;2%;12%;21%;24%;24%;28%;26%;28%;28%;26%;25%;28%;25%;19%;14%;12%;10%;8%;7%;4%;3%;0%;-2%;-5%;-4%;-5%;-7%;-9%;-10%;-13%;-13%;-14%;-15%;-16%;-17%;-16%;-19%;-20%;-18%;-20%;-17%;;;;;;;;;;;;;;;;;;;;;;;;;;;;;;;;;;;;;;;;;;;;;;;;;;;;;;;;;;;;;;;;;;;;;;;
16;Charente;;;;;;;;;;;;;1%;0%;-3%;-4%;-4%;-5%;-5%;-4%;-2%;-1%;1%;0%;3%;5%;6%;7%;10%;12%;13%;12%;9%;7%;5%;6%;3%;2%;1%;1%;-1%;-2%;-4%;-5%;-3%;-3%;-1%;-3%;-2%;-3%;-3%;-3%;-5%;-6%;-5%;-7%;-10%;-12%;-15%;-17%;-20%;-20%;-21%;-22%;-23%;-23%;-25%;-23%;-21%;-18%;-14%;-9%;-5%;-3%;0%;3%;7%;12%;15%;19%;20%;19%;19%;15%;14%;13%;12%;11%;10%;8%;6%;2%;-1%;0%;-1%;-3%;-4%;-4%;-4%;-6%;-8%;-10%;-11%;-9%;-7%;-13%;-13%;-10%;-8%;-7%;-7%;-4%;-3%;-1%;1%;1%;3%;7%;8%;5%;2%;2%;0%;-2%;-1%;-3%;-4%;-6%;-11%;-11%;-12%;-10%;-9%;-6%;-4%;-2%;-2%;0%;3%;7%;11%;12%;14%;12%;15%;12%;9%;9%;10%;10%;7%;3%;4%;6%;5%;7%;6%;8%;11%;10%;9%;9%;10%;11%;11%;9%;9%;8%;7%;5%;3%;5%;5%;6%;6%;6%;6%;6%;5%;6%;5%;4%;7%;6%;5%;5%;4%;5%;4%;5%;7%;2%;0%;2%;-4%;-5%;-5%;-5%;-3%;-3%;-3%;-5%;-4%;4%;12%;12%;21%;26%;28%;29%;26%;24%;25%;26%;26%;21%;17%;16%;10%;8%;5%;3%;4%;2%;1%;-1%;-4%;-6%;-8%;-11%;-10%;-14%;-15%;-15%;-17%;-19%;-19%;-20%;-21%;-21%;-21%;-21%;-21%;;;;;;;;;;;;;;;;;;;;;;;;;;;;;;;;;;;;;;;;;;;;;;;;;;;;;;;;;;;;;;;;;;;;;;;
17;Charente-Maritime;;;;;;;;;;;;;3%;2%;0%;-1%;0%;0%;0%;0%;1%;-1%;-2%;-3%;-2%;0%;-1%;-1%;-1%;-1%;-1%;-1%;-2%;-3%;-2%;-2%;-3%;-3%;-2%;-2%;-1%;-1%;-2%;-2%;-2%;-1%;-1%;-3%;-2%;-4%;-5%;-5%;-8%;-10%;-9%;-11%;-13%;-13%;-17%;-17%;-19%;-20%;-21%;-21%;-22%;-20%;-19%;-18%;-15%;-11%;-7%;-3%;0%;3%;9%;12%;16%;17%;19%;19%;20%;18%;18%;19%;18%;17%;15%;14%;13%;13%;11%;10%;9%;10%;10%;5%;3%;0%;0%;-2%;-5%;-7%;-8%;-9%;-10%;-19%;-20%;-17%;-16%;-13%;-13%;-12%;-10%;-8%;-7%;-4%;-1%;6%;7%;6%;4%;4%;2%;3%;3%;1%;0%;-6%;-10%;-7%;-7%;-8%;-4%;-4%;-1%;-1%;1%;3%;5%;18%;20%;17%;16%;15%;16%;15%;13%;13%;12%;12%;11%;5%;7%;9%;10%;14%;14%;16%;17%;17%;17%;18%;19%;18%;16%;13%;12%;9%;7%;5%;5%;5%;4%;2%;1%;1%;2%;3%;2%;4%;5%;5%;6%;5%;7%;7%;9%;10%;9%;9%;9%;2%;-2%;-1%;-4%;-6%;-8%;-8%;-8%;-8%;-8%;-9%;-7%;3%;11%;11%;16%;23%;23%;23%;22%;22%;21%;22%;21%;13%;9%;7%;4%;-1%;-1%;-1%;-2%;-5%;-5%;-7%;-9%;-9%;-11%;-11%;-13%;-15%;-17%;-18%;-18%;-19%;-20%;-20%;-22%;-22%;-21%;-23%;-21%;;;;;;;;;;;;;;;;;;;;;;;;;;;;;;;;;;;;;;;;;;;;;;;;;;;;;;;;;;;;;;;;;;;;;;;
18;Cher;;;;;;;;;;;;;6%;5%;6%;5%;5%;2%;1%;0%;-1%;-2%;0%;-1%;0%;-1%;-2%;-3%;0%;0%;0%;1%;3%;2%;1%;2%;0%;2%;1%;3%;2%;2%;2%;0%;-2%;0%;1%;-1%;-1%;-3%;-4%;-4%;-7%;-9%;-7%;-9%;-8%;-11%;-14%;-15%;-17%;-17%;-17%;-17%;-18%;-16%;-20%;-19%;-18%;-14%;-12%;-9%;-6%;-6%;-3%;-1%;4%;5%;11%;14%;15%;12%;12%;13%;12%;13%;11%;11%;9%;7%;4%;-1%;-2%;0%;0%;-5%;-5%;-7%;-6%;-10%;-12%;-11%;-11%;-10%;-10%;-15%;-17%;-13%;-12%;-10%;-10%;-6%;-3%;-5%;-3%;-2%;2%;5%;7%;2%;3%;2%;1%;-1%;-1%;-2%;-4%;-5%;-9%;-10%;-11%;-8%;-10%;-7%;-8%;-5%;-4%;-1%;2%;3%;7%;10%;10%;11%;14%;11%;12%;11%;10%;8%;7%;7%;9%;7%;10%;9%;8%;10%;8%;8%;10%;13%;12%;11%;9%;8%;6%;5%;4%;2%;4%;3%;1%;-2%;-2%;-1%;-1%;0%;0%;1%;1%;4%;5%;5%;7%;9%;10%;11%;9%;10%;11%;6%;3%;2%;-2%;-4%;-3%;-3%;-2%;-2%;0%;-2%;-1%;10%;17%;16%;24%;31%;31%;30%;27%;25%;23%;25%;23%;15%;12%;13%;8%;3%;0%;-1%;0%;2%;0%;-2%;-3%;-5%;-7%;-9%;-9%;-11%;-11%;-12%;-14%;-17%;-18%;-17%;-18%;-17%;-17%;-17%;-17%;;;;;;;;;;;;;;;;;;;;;;;;;;;;;;;;;;;;;;;;;;;;;;;;;;;;;;;;;;;;;;;;;;;;;;;
19;Corrèze;;;;;;;;;;;;;5%;6%;6%;4%;4%;5%;5%;5%;4%;4%;2%;5%;4%;4%;2%;3%;3%;1%;-1%;-1%;-2%;-4%;-3%;-5%;-5%;-4%;-3%;-4%;-2%;-1%;-1%;-1%;-1%;1%;1%;1%;2%;-1%;-2%;-3%;-6%;-10%;-8%;-11%;-12%;-13%;-16%;-18%;-21%;-20%;-20%;-20%;-21%;-18%;-20%;-19%;-20%;-16%;-13%;-9%;-6%;-6%;-5%;-1%;5%;6%;8%;13%;18%;15%;15%;15%;15%;15%;17%;13%;13%;14%;13%;10%;6%;10%;10%;8%;6%;6%;4%;4%;0%;-2%;-3%;-3%;-2%;-10%;-12%;-11%;-9%;-9%;-8%;-6%;-5%;-6%;-5%;-4%;-3%;4%;7%;4%;2%;3%;2%;0%;2%;1%;1%;-4%;-6%;-7%;-11%;-9%;-7%;-8%;-8%;-7%;-8%;-4%;-2%;5%;7%;7%;10%;9%;9%;11%;11%;12%;13%;9%;9%;5%;4%;4%;4%;6%;7%;6%;7%;8%;8%;13%;14%;12%;15%;16%;15%;15%;14%;13%;13%;9%;8%;5%;4%;5%;3%;3%;2%;0%;0%;1%;2%;5%;4%;5%;4%;8%;6%;5%;2%;3%;0%;0%;-5%;-8%;-5%;-5%;-3%;-4%;-4%;-3%;6%;8%;14%;16%;24%;31%;28%;28%;27%;24%;25%;25%;21%;19%;16%;13%;10%;5%;6%;4%;2%;2%;0%;-1%;-3%;-6%;-7%;-8%;-10%;-12%;-15%;-16%;-16%;-18%;-18%;-18%;-19%;-16%;-18%;-18%;-14%;;;;;;;;;;;;;;;;;;;;;;;;;;;;;;;;;;;;;;;;;;;;;;;;;;;;;;;;;;;;;;;;;;;;;;;
2A;Corse-du-Sud puis Collectivité territoriale de Corse (**);;;;;;;;;;;;;-3%;-6%;-7%;0%;1%;-2%;-3%;-4%;-3%;-3%;-1%;0%;1%;6%;7%;4%;4%;9%;7%;8%;9%;5%;2%;2%;1%;-2%;-2%;-1%;1%;-5%;-2%;-3%;-3%;-3%;-1%;-3%;-4%;-8%;-8%;-9%;-10%;-7%;-10%;-13%;-13%;-12%;-15%;-15%;-17%;-14%;-12%;-12%;-14%;-16%;-16%;-11%;-11%;-9%;-5%;-4%;2%;4%;1%;4%;6%;11%;17%;15%;15%;14%;12%;15%;11%;10%;13%;10%;12%;12%;5%;7%;8%;8%;14%;8%;8%;6%;3%;5%;-1%;-1%;0%;-2%;-4%;-10%;-19%;-15%;-12%;-10%;-7%;-9%;-5%;-8%;-10%;-10%;-8%;1%;4%;5%;1%;1%;-2%;-2%;-2%;0%;2%;6%;3%;-5%;-2%;-7%;-6%;-8%;-3%;2%;0%;0%;3%;3%;7%;12%;10%;13%;16%;18%;18%;14%;15%;16%;13%;11%;11%;12%;17%;14%;15%;16%;13%;13%;14%;18%;17%;16%;18%;15%;11%;14%;10%;5%;9%;11%;10%;7%;7%;8%;3%;6%;6%;5%;7%;8%;-1%;2%;4%;1%;2%;2%;8%;6%;5%;1%;-5%;-3%;-4%;-7%;-8%;-7%;-6%;-6%;-10%;-9%;-5%;2%;9%;12%;14%;19%;22%;24%;23%;22%;26%;28%;23%;20%;18%;15%;14%;11%;11%;6%;4%;4%;4%;1%;-1%;-3%;-5%;-7%;-9%;-11%;-15%;-11%;-10%;-13%;-16%;-17%;-17%;-15%;-15%;-16%;-13%;;;;;;;;;;;;;;;;;;;;;;;;;;;;;;;;;;;;;;;;;;;;;;;;;;;;;;;;;;;;;;;;;;;;;;;
2B;Haute-Corse (**);;;;;;;;;;;;;-20%;-20%;-19%;-16%;-10%;-10%;-14%;-9%;-1%;-1%;-2%;6%;9%;10%;7%;9%;10%;10%;12%;9%;5%;4%;10%;3%;0%;2%;4%;1%;0%;-2%;-7%;-7%;-5%;-8%;-11%;-12%;-10%;-13%;-12%;-12%;-12%;-13%;-7%;-6%;-7%;-4%;-5%;-5%;-6%;-5%;-8%;-8%;-10%;-8%;-13%;-14%;-15%;-15%;-11%;-8%;-7%;-5%;1%;2%;6%;6%;12%;13%;15%;18%;15%;17%;12%;8%;6%;6%;5%;4%;-1%;-1%;-1%;-1%;-1%;-5%;-1%;-1%;-4%;0%;-2%;-1%;0%;-1%;1%;-10%;-10%;-8%;-10%;-7%;-4%;-8%;-5%;-5%;-4%;-2%;-3%;8%;11%;10%;12%;10%;10%;9%;11%;7%;8%;4%;1%;-1%;-4%;-7%;-8%;-6%;-8%;-9%;-11%;-7%;-7%;-7%;-5%;-6%;-3%;3%;5%;5%;9%;13%;13%;10%;11%;17%;23%;21%;21%;13%;14%;7%;9%;11%;17%;18%;20%;12%;11%;14%;11%;18%;15%;25%;24%;15%;7%;8%;4%;8%;1%;0%;1%;-2%;2%;-4%;;;;;;;;;;;;;;;;;;;;;;;;;;;;;;;;;;;;;;;;;;;;;;;;;;;;;;;;;;;;;;;;;;;;;;;;;;;;;;;;;;;;;;;;;;;;;;;;;;;;;;;;;;;;;;;;;;;;;;;;;;;;;;;;;;;;
21;Côte-d'Or;;;;;;;;;;;;;-2%;-4%;-3%;-2%;1%;1%;-1%;0%;3%;4%;5%;6%;7%;8%;8%;6%;7%;5%;6%;6%;3%;-1%;-1%;-2%;-1%;0%;-3%;-4%;-5%;-6%;-6%;-9%;-7%;-5%;-5%;-5%;-7%;-8%;-8%;-6%;-8%;-7%;-8%;-8%;-11%;-14%;-17%;-18%;-19%;-21%;-21%;-20%;-20%;-20%;-18%;-15%;-12%;-6%;-3%;1%;6%;10%;13%;14%;18%;20%;21%;20%;21%;17%;17%;18%;15%;13%;12%;11%;9%;8%;5%;3%;0%;3%;3%;-3%;-4%;-5%;-7%;-10%;-12%;-14%;-13%;-12%;-11%;-18%;-20%;-16%;-14%;-13%;-11%;-8%;-5%;-3%;-2%;-2%;1%;8%;10%;11%;8%;8%;7%;5%;4%;1%;-1%;-1%;-6%;-7%;-8%;-11%;-8%;-7%;-7%;-4%;-1%;3%;6%;8%;12%;14%;16%;16%;17%;17%;16%;14%;13%;11%;8%;5%;5%;4%;5%;7%;7%;7%;8%;8%;7%;8%;9%;10%;11%;11%;9%;8%;5%;3%;4%;3%;3%;4%;3%;4%;1%;0%;1%;2%;3%;5%;5%;6%;9%;7%;7%;7%;8%;10%;9%;5%;1%;1%;-3%;-5%;-7%;-4%;-4%;-4%;-4%;-6%;-4%;2%;9%;9%;17%;22%;23%;18%;18%;17%;18%;18%;16%;13%;10%;7%;1%;-2%;-3%;-3%;-4%;-5%;-7%;-7%;-8%;-10%;-12%;-11%;-12%;-13%;-14%;-14%;-15%;-17%;-15%;-15%;-18%;-16%;-15%;-17%;-14%;;;;;;;;;;;;;;;;;;;;;;;;;;;;;;;;;;;;;;;;;;;;;;;;;;;;;;;;;;;;;;;;;;;;;;;
22;Côtes-du-Nord;;;;;;;;;;;;;0%;-1%;-1%;-2%;-3%;-2%;-2%;0%;1%;2%;2%;3%;3%;3%;2%;1%;4%;2%;2%;1%;0%;-1%;-2%;-2%;-3%;-3%;-2%;-1%;-2%;0%;0%;-2%;-1%;-2%;-2%;-2%;-4%;-4%;-6%;-7%;-10%;-13%;-14%;-15%;-19%;-19%;-21%;-23%;-25%;-27%;-26%;-26%;-27%;-25%;-25%;-22%;-19%;-16%;-13%;-8%;-4%;3%;4%;7%;10%;14%;16%;17%;19%;19%;20%;19%;19%;15%;16%;15%;15%;13%;11%;10%;5%;7%;5%;3%;1%;0%;-1%;-3%;-7%;-8%;-8%;-8%;-7%;-15%;-15%;-13%;-14%;-12%;-13%;-12%;-9%;-8%;-7%;-5%;-4%;2%;4%;1%;1%;3%;1%;2%;3%;2%;1%;-2%;-5%;-5%;-7%;-3%;0%;0%;2%;3%;5%;6%;8%;13%;16%;17%;18%;17%;17%;15%;14%;14%;12%;12%;12%;8%;9%;9%;11%;9%;9%;12%;11%;11%;10%;11%;10%;10%;9%;10%;8%;9%;7%;3%;5%;4%;4%;4%;4%;6%;5%;1%;2%;2%;3%;4%;4%;5%;6%;6%;8%;7%;8%;11%;12%;7%;4%;6%;4%;1%;0%;0%;0%;2%;2%;2%;0%;11%;18%;19%;22%;29%;33%;31%;29%;26%;24%;22%;22%;14%;12%;8%;3%;-1%;-5%;-6%;-6%;-8%;-8%;-8%;-11%;-11%;-15%;-16%;-15%;-17%;-16%;-16%;-19%;-19%;-18%;-19%;-19%;-18%;-18%;-17%;-17%;;;;;;;;;;;;;;;;;;;;;;;;;;;;;;;;;;;;;;;;;;;;;;;;;;;;;;;;;;;;;;;;;;;;;;;
23;Creuse;;;;;;;;;;;;;1%;2%;2%;3%;4%;5%;4%;1%;1%;3%;4%;4%;3%;3%;4%;1%;-2%;-3%;-5%;-6%;-4%;-6%;-8%;-8%;-5%;-6%;-6%;-5%;-1%;-3%;-2%;2%;-1%;1%;1%;2%;-2%;0%;-2%;-3%;-7%;-6%;-6%;-10%;-12%;-16%;-17%;-19%;-18%;-19%;-18%;-18%;-19%;-17%;-17%;-14%;-13%;-7%;-5%;-5%;-6%;-4%;-3%;0%;3%;2%;4%;3%;5%;1%;3%;7%;9%;7%;5%;4%;4%;3%;0%;0%;1%;4%;2%;-2%;-3%;-3%;1%;-2%;-6%;-5%;-3%;-3%;-4%;-8%;-6%;-4%;-5%;-4%;-7%;-6%;-2%;-2%;-3%;-3%;-3%;-1%;-4%;-5%;-6%;-5%;-6%;-4%;-6%;-6%;-5%;-6%;-7%;-6%;-4%;-4%;-2%;-5%;-2%;-3%;-1%;-1%;2%;4%;6%;6%;5%;5%;8%;10%;7%;10%;9%;10%;7%;7%;7%;6%;9%;11%;9%;8%;10%;8%;8%;7%;9%;7%;7%;6%;4%;2%;0%;0%;-1%;0%;0%;1%;-1%;-2%;-2%;1%;-1%;1%;4%;3%;4%;2%;4%;4%;4%;7%;8%;7%;8%;2%;-4%;-2%;-4%;-1%;-2%;-2%;0%;0%;0%;0%;4%;16%;27%;30%;34%;36%;36%;37%;35%;32%;32%;31%;28%;19%;16%;10%;7%;4%;3%;1%;0%;0%;-1%;-1%;-2%;-4%;-7%;-7%;-8%;-10%;-11%;-11%;-11%;-10%;-12%;-13%;-14%;-11%;-11%;-11%;-11%;;;;;;;;;;;;;;;;;;;;;;;;;;;;;;;;;;;;;;;;;;;;;;;;;;;;;;;;;;;;;;;;;;;;;;;
24;Dordogne;;;;;;;;;;;;;-1%;-2%;-3%;-4%;-3%;-4%;-6%;-5%;-4%;-3%;-2%;-1%;-1%;1%;1%;3%;5%;5%;7%;7%;7%;5%;3%;2%;4%;4%;3%;3%;2%;1%;0%;0%;-1%;-1%;1%;-1%;-3%;-5%;-7%;-6%;-8%;-10%;-10%;-12%;-14%;-15%;-19%;-20%;-21%;-20%;-21%;-23%;-23%;-23%;-22%;-20%;-18%;-15%;-11%;-7%;-4%;-3%;1%;5%;9%;11%;13%;15%;14%;14%;12%;12%;13%;12%;10%;9%;8%;8%;5%;4%;6%;6%;7%;4%;2%;2%;2%;0%;-3%;-6%;-4%;-4%;-5%;-11%;-14%;-11%;-10%;-11%;-10%;-9%;-6%;-4%;-5%;-4%;-2%;0%;4%;1%;1%;4%;1%;2%;1%;-2%;-2%;-4%;-8%;-4%;-7%;-4%;-5%;-5%;-3%;-2%;-2%;1%;4%;9%;11%;10%;12%;10%;13%;12%;12%;11%;12%;9%;7%;4%;5%;6%;7%;7%;6%;7%;8%;8%;8%;9%;10%;10%;11%;10%;8%;8%;8%;6%;6%;5%;3%;4%;3%;3%;2%;2%;2%;2%;2%;4%;5%;5%;9%;7%;7%;10%;9%;11%;8%;7%;3%;4%;0%;-1%;-3%;-3%;-2%;0%;0%;-1%;6%;10%;18%;20%;27%;31%;34%;36%;37%;31%;31%;30%;26%;22%;20%;16%;12%;9%;6%;3%;1%;1%;-1%;-1%;-4%;-5%;-9%;-9%;-10%;-13%;-14%;-14%;-16%;-18%;-18%;-20%;-20%;-20%;-20%;-22%;-20%;;;;;;;;;;;;;;;;;;;;;;;;;;;;;;;;;;;;;;;;;;;;;;;;;;;;;;;;;;;;;;;;;;;;;;;
25;Doubs;;;;;;;;;;;;;0%;1%;2%;0%;0%;3%;5%;4%;6%;7%;7%;5%;4%;5%;4%;4%;4%;3%;3%;3%;2%;-1%;-1%;-1%;-1%;1%;0%;0%;1%;1%;0%;0%;2%;3%;3%;3%;4%;0%;-1%;-1%;-4%;-6%;-5%;-9%;-12%;-14%;-17%;-20%;-22%;-23%;-23%;-25%;-24%;-23%;-24%;-22%;-19%;-15%;-11%;-6%;-4%;1%;6%;10%;15%;17%;21%;25%;28%;26%;24%;25%;26%;23%;18%;18%;15%;16%;13%;9%;4%;7%;6%;2%;-1%;-2%;-1%;-4%;-6%;-9%;-9%;-9%;-6%;-14%;-14%;-13%;-11%;-9%;-8%;-7%;-5%;-5%;-3%;-1%;-2%;4%;7%;6%;5%;5%;3%;3%;3%;4%;2%;0%;-2%;-2%;-8%;-6%;-4%;-4%;-4%;-2%;-1%;-1%;2%;6%;7%;8%;13%;11%;10%;12%;13%;10%;10%;9%;8%;4%;5%;5%;5%;5%;7%;5%;5%;8%;6%;8%;8%;8%;8%;6%;5%;5%;3%;3%;2%;0%;1%;1%;0%;1%;0%;2%;4%;5%;6%;5%;8%;7%;9%;9%;10%;11%;13%;13%;9%;3%;-1%;0%;-2%;-2%;-2%;-4%;-2%;-4%;-5%;-8%;-4%;6%;13%;13%;16%;19%;18%;20%;16%;16%;18%;19%;17%;11%;9%;7%;3%;1%;-1%;-3%;-1%;-3%;-4%;-4%;-5%;-7%;-10%;-9%;-9%;-11%;-12%;-11%;-13%;-14%;-15%;-16%;-17%;-16%;-16%;-18%;-16%;;;;;;;;;;;;;;;;;;;;;;;;;;;;;;;;;;;;;;;;;;;;;;;;;;;;;;;;;;;;;;;;;;;;;;;
26;Drôme;;;;;;;;;;;;;-2%;-7%;-7%;-7%;-4%;-2%;-4%;-3%;-2%;-1%;0%;0%;1%;3%;1%;1%;2%;2%;3%;2%;3%;2%;1%;2%;1%;0%;2%;-1%;0%;-1%;0%;0%;0%;-1%;0%;-2%;-2%;-1%;-3%;-2%;-5%;-4%;-7%;-10%;-12%;-13%;-17%;-16%;-18%;-20%;-20%;-20%;-20%;-21%;-18%;-16%;-14%;-10%;-4%;-2%;2%;6%;11%;17%;21%;25%;25%;28%;30%;28%;26%;28%;25%;24%;19%;15%;13%;12%;10%;5%;3%;5%;5%;0%;-1%;-3%;-3%;-5%;-7%;-8%;-7%;-7%;-8%;-16%;-19%;-16%;-13%;-12%;-12%;-10%;-8%;-7%;-7%;-3%;-1%;5%;13%;10%;5%;5%;5%;4%;5%;2%;1%;-3%;-7%;-7%;-12%;-9%;-6%;-4%;-4%;0%;0%;4%;7%;10%;13%;14%;16%;14%;14%;12%;12%;10%;10%;7%;5%;3%;5%;5%;7%;9%;8%;10%;10%;13%;13%;16%;15%;15%;16%;15%;12%;9%;8%;6%;6%;2%;1%;0%;0%;1%;-1%;-1%;0%;2%;1%;2%;7%;6%;8%;6%;6%;7%;8%;8%;8%;2%;-1%;0%;-8%;-7%;-9%;-5%;-4%;-6%;-6%;-5%;-5%;5%;11%;10%;20%;25%;27%;25%;20%;23%;23%;22%;22%;15%;15%;13%;8%;3%;2%;0%;3%;-2%;-2%;-3%;-5%;-7%;-11%;-13%;-15%;-16%;-18%;-19%;-21%;-21%;-22%;-22%;-23%;-22%;-21%;-21%;-20%;;;;;;;;;;;;;;;;;;;;;;;;;;;;;;;;;;;;;;;;;;;;;;;;;;;;;;;;;;;;;;;;;;;;;;;
27;Eure;;;;;;;;;;;;;3%;4%;4%;4%;5%;2%;0%;2%;2%;0%;-1%;-1%;0%;1%;-1%;0%;-1%;1%;1%;0%;1%;1%;1%;1%;1%;2%;1%;1%;3%;2%;2%;2%;0%;0%;-1%;-3%;-3%;-5%;-6%;-6%;-11%;-13%;-13%;-15%;-17%;-17%;-20%;-20%;-22%;-24%;-23%;-24%;-23%;-21%;-21%;-21%;-18%;-14%;-9%;-5%;-1%;6%;8%;14%;17%;19%;23%;28%;30%;28%;26%;26%;24%;19%;17%;16%;16%;13%;9%;4%;0%;1%;1%;-3%;-5%;-6%;-6%;-10%;-15%;-15%;-14%;-13%;-12%;-19%;-19%;-16%;-16%;-14%;-14%;-11%;-7%;-6%;-6%;-4%;-3%;4%;5%;5%;5%;5%;4%;4%;2%;2%;1%;-2%;-5%;-6%;-6%;-9%;-7%;-6%;-5%;-4%;-1%;1%;4%;7%;9%;11%;11%;12%;13%;12%;10%;12%;9%;7%;6%;4%;6%;5%;7%;8%;7%;8%;11%;10%;12%;14%;13%;13%;12%;13%;10%;10%;7%;5%;2%;1%;-3%;-3%;-3%;-3%;-4%;-5%;-5%;-4%;-1%;0%;4%;7%;11%;10%;10%;11%;13%;12%;12%;9%;5%;7%;0%;-4%;-4%;-2%;2%;2%;2%;5%;6%;11%;19%;16%;22%;34%;33%;30%;20%;20%;17%;14%;16%;14%;8%;7%;5%;-3%;-5%;-7%;-3%;-6%;-4%;-5%;-11%;-12%;-11%;-13%;-15%;-18%;-18%;-17%;-20%;-21%;-23%;-22%;-20%;-21%;-23%;-23%;-21%;;;;;;;;;;;;;;;;;;;;;;;;;;;;;;;;;;;;;;;;;;;;;;;;;;;;;;;;;;;;;;;;;;;;;;;
28;Eure-et-Loir;;;;;;;;;;;;;3%;2%;1%;-1%;1%;-1%;0%;1%;2%;2%;2%;1%;0%;1%;1%;1%;3%;6%;4%;4%;4%;1%;2%;2%;3%;4%;2%;1%;-1%;-3%;-4%;-5%;-6%;-5%;-5%;-6%;-7%;-9%;-9%;-9%;-11%;-12%;-12%;-13%;-14%;-15%;-18%;-20%;-21%;-22%;-22%;-22%;-20%;-20%;-20%;-18%;-15%;-10%;-5%;0%;5%;9%;12%;17%;18%;22%;25%;29%;28%;23%;21%;21%;18%;15%;16%;11%;12%;10%;8%;4%;3%;5%;5%;0%;-1%;-3%;-3%;-6%;-11%;-12%;-12%;-12%;-11%;-17%;-17%;-15%;-15%;-13%;-14%;-11%;-8%;-6%;-4%;-4%;-3%;2%;3%;3%;4%;5%;3%;1%;1%;-2%;-3%;-4%;-7%;-6%;-9%;-7%;-8%;-7%;-4%;-2%;3%;4%;7%;10%;12%;13%;17%;14%;16%;15%;11%;12%;7%;6%;6%;3%;4%;3%;2%;3%;4%;4%;7%;7%;9%;10%;9%;8%;8%;9%;7%;8%;6%;3%;1%;-1%;-2%;-1%;-1%;1%;0%;-1%;0%;0%;1%;4%;6%;7%;10%;10%;9%;9%;10%;12%;12%;8%;6%;6%;2%;0%;-2%;-2%;0%;1%;1%;1%;0%;8%;14%;14%;22%;28%;29%;26%;24%;21%;20%;18%;20%;15%;11%;9%;3%;-1%;-3%;-5%;-5%;-5%;-4%;-5%;-8%;-9%;-12%;-12%;-15%;-16%;-17%;-16%;-18%;-20%;-21%;-21%;-22%;-22%;-20%;-20%;-17%;;;;;;;;;;;;;;;;;;;;;;;;;;;;;;;;;;;;;;;;;;;;;;;;;;;;;;;;;;;;;;;;;;;;;;;
29;Finistère;;;;;;;;;;;;;4%;4%;1%;1%;0%;-2%;-3%;-3%;-3%;-2%;-2%;-3%;-2%;-2%;-1%;-2%;0%;2%;2%;3%;2%;1%;0%;0%;0%;1%;2%;2%;2%;1%;0%;-2%;-1%;-2%;-1%;-2%;-3%;-6%;-8%;-8%;-11%;-13%;-13%;-15%;-18%;-18%;-21%;-22%;-24%;-23%;-24%;-25%;-24%;-22%;-21%;-19%;-15%;-12%;-8%;-4%;-1%;2%;6%;9%;13%;15%;18%;20%;21%;20%;20%;20%;21%;18%;18%;18%;16%;14%;12%;9%;6%;9%;8%;4%;2%;0%;-1%;-5%;-9%;-9%;-9%;-9%;-8%;-18%;-19%;-15%;-15%;-13%;-13%;-12%;-8%;-8%;-8%;-6%;-5%;2%;5%;2%;1%;1%;0%;1%;-1%;-3%;-2%;-4%;-7%;-6%;-9%;-6%;-4%;-2%;0%;0%;5%;12%;12%;15%;18%;17%;19%;17%;17%;15%;12%;14%;10%;6%;5%;3%;4%;4%;6%;7%;9%;10%;13%;12%;13%;16%;16%;17%;17%;17%;14%;14%;10%;8%;5%;4%;3%;1%;1%;0%;-1%;-2%;-1%;-1%;1%;3%;6%;7%;9%;10%;10%;12%;13%;15%;14%;9%;5%;6%;2%;-1%;-3%;-4%;-1%;-1%;-2%;-3%;-3%;6%;13%;12%;17%;24%;27%;26%;20%;17%;17%;16%;16%;10%;7%;4%;-1%;-5%;-7%;-8%;-6%;-8%;-6%;-7%;-9%;-10%;-13%;-13%;-12%;-14%;-14%;-15%;-17%;-18%;-19%;-19%;-20%;-19%;-18%;-19%;-19%;;;;;;;;;;;;;;;;;;;;;;;;;;;;;;;;;;;;;;;;;;;;;;;;;;;;;;;;;;;;;;;;;;;;;;;
30;Gard;;;;;;;;;;;;;-5%;-6%;-6%;-4%;-3%;-2%;-3%;-1%;-3%;-1%;-1%;0%;-2%;0%;-1%;-2%;-1%;0%;-1%;-1%;-1%;-2%;-3%;-4%;-2%;-2%;-1%;-1%;-1%;-2%;-4%;-3%;-3%;-3%;-2%;-2%;-4%;-5%;-7%;-8%;-10%;-11%;-8%;-11%;-14%;-15%;-19%;-19%;-21%;-22%;-20%;-21%;-19%;-18%;-19%;-16%;-13%;-9%;-4%;-1%;4%;8%;11%;14%;16%;18%;19%;22%;25%;23%;24%;24%;23%;22%;20%;21%;20%;19%;16%;13%;10%;14%;9%;6%;3%;-1%;-2%;-7%;-10%;-11%;-10%;-11%;-13%;-23%;-22%;-20%;-17%;-15%;-14%;-12%;-10%;-9%;-9%;-5%;-1%;6%;9%;6%;3%;4%;2%;3%;1%;0%;1%;-3%;-6%;-6%;-10%;-7%;-4%;-4%;-2%;0%;5%;6%;6%;10%;12%;14%;16%;15%;14%;13%;13%;13%;10%;8%;9%;7%;10%;8%;10%;11%;11%;12%;13%;12%;13%;17%;16%;15%;14%;14%;11%;10%;8%;6%;4%;4%;3%;2%;2%;2%;2%;1%;2%;2%;3%;4%;7%;6%;6%;7%;8%;9%;8%;8%;10%;4%;1%;2%;-2%;-3%;-3%;-5%;-4%;-4%;-2%;-1%;-2%;9%;16%;16%;22%;28%;29%;30%;26%;25%;23%;21%;21%;14%;11%;9%;5%;0%;-2%;-3%;-3%;-5%;-5%;-6%;-8%;-9%;-11%;-13%;-14%;-15%;-16%;-16%;-19%;-20%;-21%;-22%;-23%;-23%;-23%;-24%;-23%;;;;;;;;;;;;;;;;;;;;;;;;;;;;;;;;;;;;;;;;;;;;;;;;;;;;;;;;;;;;;;;;;;;;;;;
31;Haute-Garonne;;;;;;;;;;;;;-1%;-1%;-4%;-4%;-4%;-4%;-4%;-2%;-3%;0%;1%;0%;1%;2%;2%;2%;2%;1%;2%;1%;1%;-2%;-3%;-3%;-4%;-4%;-4%;-4%;-4%;-4%;-5%;-6%;-5%;-3%;-3%;-3%;-3%;-4%;-5%;-4%;-6%;-8%;-9%;-10%;-13%;-15%;-18%;-19%;-20%;-21%;-20%;-20%;-19%;-16%;-15%;-12%;-7%;-1%;5%;11%;15%;21%;24%;26%;28%;33%;36%;37%;36%;31%;28%;26%;24%;20%;20%;21%;21%;15%;10%;8%;7%;12%;13%;9%;7%;6%;2%;-4%;-8%;-7%;-6%;-8%;-9%;-22%;-24%;-22%;-20%;-18%;-15%;-12%;-8%;-8%;-6%;-3%;-1%;10%;18%;13%;10%;10%;7%;5%;5%;3%;1%;-3%;-5%;-7%;-12%;-9%;-5%;-4%;-2%;0%;1%;3%;7%;11%;13%;16%;18%;15%;14%;15%;13%;12%;11%;11%;8%;5%;6%;5%;9%;9%;12%;11%;14%;14%;13%;15%;16%;16%;15%;15%;10%;9%;5%;3%;1%;-1%;0%;-2%;-2%;-3%;-2%;-1%;0%;1%;3%;5%;7%;8%;8%;8%;7%;9%;9%;8%;8%;4%;1%;1%;-3%;-4%;-5%;-5%;-4%;-4%;-5%;-5%;-3%;1%;7%;6%;11%;17%;19%;19%;16%;15%;16%;16%;15%;14%;11%;11%;7%;3%;1%;1%;2%;0%;-1%;-2%;-4%;-7%;-10%;-11%;-12%;-14%;-16%;-18%;-19%;-21%;-22%;-23%;-24%;-24%;-23%;-25%;-23%;;;;;;;;;;;;;;;;;;;;;;;;;;;;;;;;;;;;;;;;;;;;;;;;;;;;;;;;;;;;;;;;;;;;;;;
32;Gers;;;;;;;;;;;;;10%;10%;7%;6%;3%;3%;1%;-1%;0%;0%;-1%;-1%;-1%;0%;-2%;-2%;1%;1%;2%;1%;0%;-1%;-2%;-2%;-2%;-2%;-1%;-1%;-4%;-5%;-8%;-6%;-7%;-9%;-8%;-7%;-8%;-9%;-10%;-12%;-12%;-12%;-9%;-11%;-9%;-11%;-12%;-17%;-18%;-20%;-21%;-21%;-21%;-21%;-22%;-22%;-22%;-19%;-15%;-10%;-6%;-3%;2%;8%;13%;15%;18%;23%;24%;23%;22%;25%;22%;20%;19%;15%;11%;10%;7%;3%;1%;4%;2%;-4%;-6%;-6%;-7%;-11%;-12%;-13%;-11%;-10%;-8%;-15%;-16%;-10%;-8%;-7%;-6%;-2%;1%;0%;1%;2%;2%;7%;12%;7%;5%;5%;2%;1%;0%;0%;-1%;-1%;-4%;-5%;-10%;-7%;-5%;-6%;-2%;-1%;1%;2%;3%;4%;7%;10%;13%;13%;13%;15%;11%;11%;11%;10%;10%;11%;10%;6%;7%;5%;4%;6%;9%;11%;10%;10%;11%;7%;8%;9%;9%;10%;10%;4%;3%;2%;1%;2%;0%;2%;1%;2%;-1%;0%;1%;3%;9%;7%;9%;9%;7%;9%;8%;9%;14%;8%;2%;2%;-4%;-6%;-8%;-8%;-4%;-3%;1%;0%;-5%;5%;16%;20%;25%;31%;34%;36%;31%;29%;25%;26%;28%;22%;15%;12%;9%;7%;4%;1%;1%;-2%;-2%;-3%;-4%;-7%;-8%;-11%;-11%;-13%;-15%;-16%;-18%;-18%;-19%;-19%;-21%;-21%;-21%;-20%;-21%;;;;;;;;;;;;;;;;;;;;;;;;;;;;;;;;;;;;;;;;;;;;;;;;;;;;;;;;;;;;;;;;;;;;;;;
33;Gironde;;;;;;;;;;;;;1%;1%;-2%;0%;-1%;-1%;-3%;-2%;-1%;0%;-2%;-2%;-2%;-3%;-2%;-3%;-2%;-2%;-2%;-1%;-2%;-3%;-2%;-2%;-2%;-1%;0%;0%;1%;1%;0%;-1%;0%;0%;1%;-1%;-2%;-3%;-4%;-4%;-6%;-8%;-8%;-9%;-11%;-12%;-17%;-16%;-18%;-20%;-20%;-21%;-21%;-19%;-19%;-18%;-14%;-9%;-3%;1%;6%;10%;17%;21%;25%;28%;31%;34%;33%;31%;29%;29%;26%;25%;20%;18%;18%;17%;14%;11%;10%;12%;11%;5%;4%;2%;0%;-2%;-6%;-7%;-6%;-7%;-9%;-19%;-20%;-17%;-16%;-15%;-12%;-11%;-8%;-7%;-6%;-3%;0%;9%;13%;11%;9%;9%;7%;7%;6%;4%;1%;-3%;-9%;-8%;-11%;-7%;-5%;-5%;-3%;-2%;1%;3%;7%;17%;22%;22%;22%;19%;19%;19%;18%;18%;16%;15%;14%;8%;9%;8%;10%;10%;11%;12%;12%;13%;12%;14%;13%;13%;12%;11%;10%;9%;7%;4%;5%;1%;-1%;-3%;-4%;-3%;-4%;-5%;-6%;-5%;-5%;-4%;-4%;-3%;0%;1%;2%;3%;3%;5%;6%;1%;-2%;-1%;-4%;-6%;-7%;-8%;-6%;-6%;-6%;-7%;-7%;2%;10%;11%;17%;23%;25%;25%;22%;20%;19%;20%;19%;13%;10%;8%;4%;0%;-2%;-4%;-4%;-4%;-5%;-6%;-8%;-9%;-12%;-13%;-14%;-17%;-18%;-18%;-20%;-22%;-23%;-23%;-25%;-25%;-24%;-26%;-24%;;;;;;;;;;;;;;;;;;;;;;;;;;;;;;;;;;;;;;;;;;;;;;;;;;;;;;;;;;;;;;;;;;;;;;;
34;Hérault;;;;;;;;;;;;;-6%;-7%;-7%;-6%;-5%;-6%;-5%;-3%;-3%;-2%;-2%;-2%;-2%;0%;0%;-1%;0%;0%;-1%;-2%;-3%;-3%;-3%;-3%;-2%;-3%;0%;0%;0%;1%;1%;1%;2%;1%;2%;1%;0%;-1%;-4%;-4%;-6%;-8%;-8%;-11%;-13%;-14%;-17%;-19%;-21%;-21%;-21%;-23%;-23%;-21%;-21%;-17%;-14%;-11%;-7%;-2%;4%;8%;13%;18%;22%;24%;26%;29%;28%;27%;27%;25%;22%;19%;17%;16%;15%;13%;9%;4%;4%;7%;7%;4%;2%;1%;0%;-5%;-8%;-8%;-7%;-6%;-7%;-17%;-22%;-20%;-19%;-18%;-16%;-13%;-10%;-10%;-9%;-7%;-6%;3%;10%;7%;6%;7%;3%;3%;3%;1%;-1%;-2%;-4%;-6%;-8%;-6%;-5%;-4%;-3%;-2%;-2%;3%;7%;9%;12%;16%;17%;17%;19%;20%;21%;22%;21%;14%;11%;9%;10%;7%;8%;7%;6%;7%;7%;6%;9%;14%;15%;17%;16%;16%;14%;13%;11%;9%;8%;8%;2%;1%;0%;-1%;-4%;-3%;-2%;0%;1%;2%;4%;2%;6%;8%;8%;11%;13%;13%;12%;6%;2%;4%;0%;0%;-2%;-6%;-4%;-5%;-6%;-6%;-6%;3%;10%;9%;14%;18%;20%;23%;21%;20%;20%;20%;20%;15%;12%;10%;6%;3%;1%;0%;0%;-2%;-3%;-4%;-7%;-8%;-10%;-12%;-12%;-14%;-15%;-16%;-18%;-18%;-19%;-20%;-20%;-21%;-21%;-22%;-21%;;;;;;;;;;;;;;;;;;;;;;;;;;;;;;;;;;;;;;;;;;;;;;;;;;;;;;;;;;;;;;;;;;;;;;;
35;Ille-et-Vilaine;;;;;;;;;;;;;4%;4%;4%;6%;6%;4%;3%;2%;2%;3%;2%;1%;1%;1%;1%;-1%;0%;1%;1%;2%;0%;-1%;0%;1%;0%;0%;0%;0%;1%;1%;-1%;-2%;0%;-1%;0%;-3%;-4%;-5%;-6%;-6%;-11%;-13%;-12%;-14%;-17%;-18%;-21%;-22%;-22%;-23%;-23%;-24%;-23%;-20%;-20%;-18%;-14%;-10%;-5%;0%;3%;9%;13%;19%;25%;26%;31%;35%;37%;35%;35%;35%;34%;30%;29%;28%;25%;23%;18%;14%;8%;10%;7%;2%;-1%;-3%;-2%;-9%;-12%;-14%;-14%;-14%;-13%;-21%;-20%;-16%;-15%;-13%;-14%;-9%;-5%;-3%;0%;2%;4%;11%;14%;9%;8%;8%;7%;6%;3%;-1%;-3%;-3%;-9%;-9%;-13%;-9%;-7%;-6%;-5%;-3%;2%;8%;10%;11%;17%;18%;22%;19%;18%;18%;16%;15%;12%;8%;7%;6%;6%;6%;8%;8%;10%;10%;13%;14%;12%;16%;17%;17%;17%;14%;11%;11%;7%;5%;3%;1%;1%;0%;-3%;-2%;-4%;-4%;-2%;-1%;-1%;1%;2%;3%;4%;4%;6%;8%;8%;9%;9%;3%;0%;2%;-3%;-5%;-5%;-5%;-3%;-6%;-4%;-5%;-5%;5%;11%;10%;17%;23%;24%;22%;19%;20%;19%;18%;20%;12%;9%;8%;4%;-1%;-3%;-3%;-4%;-5%;-6%;-7%;-11%;-10%;-12%;-14%;-14%;-15%;-17%;-17%;-17%;-18%;-19%;-18%;-19%;-19%;-19%;-19%;-18%;;;;;;;;;;;;;;;;;;;;;;;;;;;;;;;;;;;;;;;;;;;;;;;;;;;;;;;;;;;;;;;;;;;;;;;
36;Indre;;;;;;;;;;;;;-1%;0%;-1%;-2%;0%;-2%;-3%;-3%;-2%;-4%;-5%;-3%;0%;0%;1%;1%;1%;2%;1%;1%;1%;-1%;0%;-2%;-2%;-1%;-3%;-4%;-3%;-4%;-4%;-2%;-3%;-3%;-3%;-3%;-5%;-5%;-6%;-4%;-6%;-8%;-6%;-9%;-10%;-9%;-11%;-12%;-11%;-15%;-14%;-16%;-17%;-14%;-15%;-14%;-14%;-13%;-11%;-10%;-10%;-5%;-2%;1%;4%;1%;5%;6%;11%;11%;11%;13%;14%;12%;10%;7%;9%;12%;5%;5%;0%;2%;0%;-1%;-1%;-3%;-3%;-5%;-10%;-11%;-9%;-10%;-8%;-13%;-12%;-12%;-11%;-9%;-9%;-7%;-3%;-4%;-3%;-1%;-2%;1%;-1%;0%;0%;1%;-1%;-1%;-1%;-1%;0%;-2%;-2%;-3%;-1%;-2%;-2%;-4%;-4%;-3%;-1%;-2%;-2%;0%;0%;1%;-1%;-2%;1%;4%;4%;4%;3%;4%;4%;4%;6%;5%;9%;8%;7%;5%;7%;4%;4%;8%;7%;3%;8%;9%;6%;7%;5%;6%;4%;4%;6%;2%;2%;7%;-1%;-2%;-2%;1%;3%;0%;2%;4%;4%;3%;7%;7%;7%;12%;13%;7%;1%;5%;3%;0%;2%;5%;-1%;-2%;2%;0%;2%;8%;19%;18%;24%;29%;28%;27%;30%;31%;30%;28%;27%;23%;18%;18%;12%;9%;7%;6%;4%;2%;-1%;0%;-2%;-4%;-6%;-9%;-8%;-12%;-11%;-12%;-13%;-14%;-14%;-15%;-17%;-16%;-15%;-15%;-14%;;;;;;;;;;;;;;;;;;;;;;;;;;;;;;;;;;;;;;;;;;;;;;;;;;;;;;;;;;;;;;;;;;;;;;;
37;Indre-et-Loire;;;;;;;;;;;;;3%;1%;-1%;-1%;1%;0%;0%;0%;2%;1%;1%;0%;-1%;0%;1%;-2%;-3%;-2%;-3%;-3%;-4%;-4%;-4%;-4%;-3%;-3%;-5%;-3%;-3%;-5%;-3%;-3%;-4%;-4%;-3%;-4%;-4%;-5%;-5%;-3%;-6%;-6%;-7%;-9%;-10%;-11%;-15%;-16%;-16%;-17%;-18%;-21%;-20%;-19%;-19%;-18%;-15%;-11%;-6%;-2%;-1%;2%;6%;12%;15%;19%;22%;24%;27%;24%;23%;23%;24%;23%;20%;18%;17%;14%;9%;6%;1%;3%;2%;-3%;-5%;-8%;-8%;-10%;-14%;-13%;-13%;-12%;-9%;-16%;-16%;-12%;-11%;-8%;-8%;-8%;-3%;-4%;-3%;-1%;-2%;5%;6%;3%;1%;2%;2%;2%;1%;0%;0%;-5%;-9%;-10%;-9%;-4%;-4%;-3%;-2%;0%;1%;4%;7%;18%;23%;24%;18%;13%;15%;15%;11%;11%;10%;8%;5%;-1%;1%;1%;7%;9%;9%;10%;14%;13%;15%;19%;19%;21%;18%;17%;12%;10%;8%;6%;7%;4%;0%;-2%;-4%;-5%;-4%;-6%;-3%;0%;1%;2%;2%;4%;8%;9%;11%;14%;14%;16%;12%;8%;3%;4%;0%;-3%;-3%;-5%;-4%;-6%;-7%;-7%;-3%;2%;11%;9%;15%;22%;21%;21%;18%;19%;18%;16%;15%;10%;5%;4%;2%;-3%;-5%;-5%;-5%;-7%;-7%;-6%;-8%;-8%;-11%;-12%;-13%;-13%;-14%;-15%;-15%;-17%;-16%;-16%;-17%;-17%;-15%;-16%;-15%;;;;;;;;;;;;;;;;;;;;;;;;;;;;;;;;;;;;;;;;;;;;;;;;;;;;;;;;;;;;;;;;;;;;;;;
38;Isère;;;;;;;;;;;;;-1%;-2%;-2%;-3%;-2%;-2%;-2%;-1%;-2%;-1%;-1%;0%;0%;1%;0%;1%;2%;2%;1%;1%;1%;0%;0%;-1%;-1%;-1%;1%;1%;0%;0%;1%;-1%;-1%;-3%;-3%;-4%;-4%;-6%;-9%;-9%;-12%;-14%;-14%;-15%;-17%;-17%;-20%;-21%;-23%;-23%;-22%;-23%;-22%;-19%;-19%;-16%;-13%;-7%;-1%;4%;9%;14%;18%;22%;25%;27%;30%;32%;33%;27%;25%;23%;21%;19%;18%;18%;17%;15%;11%;7%;5%;8%;7%;4%;1%;-2%;-2%;-7%;-11%;-11%;-11%;-10%;-10%;-19%;-19%;-17%;-14%;-12%;-12%;-8%;-5%;-4%;-2%;1%;2%;10%;12%;10%;8%;9%;6%;6%;6%;3%;2%;-2%;-5%;-5%;-6%;-6%;-4%;-4%;-2%;-2%;-1%;2%;5%;8%;11%;12%;12%;13%;13%;13%;10%;11%;11%;8%;7%;5%;6%;5%;7%;6%;6%;7%;10%;10%;8%;11%;11%;11%;11%;10%;9%;8%;7%;5%;5%;3%;3%;3%;3%;3%;2%;4%;3%;4%;5%;5%;6%;7%;9%;8%;9%;11%;11%;10%;10%;5%;1%;5%;-1%;-3%;-4%;-5%;-4%;-6%;-6%;-6%;-3%;4%;10%;7%;14%;19%;21%;22%;20%;18%;18%;17%;15%;12%;10%;14%;6%;2%;0%;-1%;-1%;-2%;-2%;-2%;-5%;-7%;-11%;-19%;-16%;-15%;-17%;-18%;-18%;-20%;-22%;-22%;-23%;-22%;-21%;-18%;-20%;;;;;;;;;;;;;;;;;;;;;;;;;;;;;;;;;;;;;;;;;;;;;;;;;;;;;;;;;;;;;;;;;;;;;;;
39;Jura;;;;;;;;;;;;;1%;0%;-1%;-3%;-2%;-3%;-3%;-2%;1%;3%;4%;5%;7%;6%;6%;5%;7%;7%;8%;7%;5%;1%;1%;1%;1%;2%;1%;1%;0%;-2%;-4%;-5%;-6%;-5%;-7%;-9%;-11%;-12%;-12%;-11%;-14%;-16%;-13%;-14%;-13%;-12%;-13%;-13%;-14%;-16%;-16%;-18%;-17%;-14%;-16%;-15%;-14%;-13%;-11%;-8%;-5%;1%;2%;5%;6%;6%;10%;14%;13%;13%;13%;16%;12%;9%;11%;10%;12%;13%;12%;7%;6%;7%;6%;1%;1%;0%;1%;-3%;-6%;-8%;-8%;-5%;-4%;-9%;-9%;-7%;-5%;-3%;-5%;-2%;-1%;1%;2%;1%;0%;5%;7%;5%;2%;4%;3%;3%;4%;3%;0%;2%;-1%;-2%;-5%;-3%;-1%;-2%;-3%;0%;1%;2%;7%;6%;10%;12%;12%;11%;11%;12%;9%;8%;6%;4%;2%;0%;0%;-1%;3%;4%;4%;4%;10%;7%;9%;12%;11%;13%;11%;12%;10%;7%;6%;6%;1%;5%;2%;1%;1%;2%;0%;0%;-1%;1%;2%;3%;8%;3%;6%;6%;6%;7%;9%;9%;11%;5%;1%;0%;-5%;-3%;-4%;-5%;-5%;-5%;-6%;-6%;-5%;4%;11%;12%;17%;21%;21%;23%;21%;21%;22%;21%;21%;15%;11%;10%;4%;0%;0%;-1%;-1%;-2%;-3%;-2%;-3%;-5%;-5%;-8%;-6%;-6%;-8%;-10%;-11%;-13%;-15%;-17%;-18%;-16%;-18%;-17%;-18%;;;;;;;;;;;;;;;;;;;;;;;;;;;;;;;;;;;;;;;;;;;;;;;;;;;;;;;;;;;;;;;;;;;;;;;
40;Landes;;;;;;;;;;;;;11%;11%;13%;10%;10%;8%;8%;7%;2%;6%;3%;4%;4%;5%;3%;2%;3%;4%;3%;4%;6%;3%;4%;2%;0%;0%;0%;-1%;0%;-2%;-1%;-1%;-2%;-4%;-4%;-4%;-5%;-5%;-7%;-5%;-9%;-7%;-8%;-11%;-13%;-12%;-17%;-17%;-18%;-21%;-21%;-25%;-22%;-24%;-25%;-23%;-20%;-17%;-10%;-8%;-2%;5%;10%;20%;20%;27%;33%;37%;40%;40%;35%;39%;32%;26%;25%;21%;23%;22%;17%;14%;8%;12%;11%;6%;6%;7%;4%;3%;-5%;-8%;-8%;-8%;-6%;-19%;-19%;-17%;-16%;-15%;-14%;-15%;-10%;-8%;-7%;-5%;-3%;5%;7%;4%;4%;6%;3%;3%;3%;1%;2%;-2%;-6%;-6%;-7%;-6%;-4%;-9%;-3%;0%;1%;4%;7%;12%;15%;17%;16%;16%;16%;19%;15%;14%;14%;10%;9%;6%;10%;10%;13%;14%;15%;17%;19%;18%;18%;22%;20%;19%;16%;13%;12%;10%;8%;3%;4%;2%;2%;1%;2%;4%;2%;3%;0%;1%;1%;5%;3%;5%;6%;6%;5%;6%;6%;8%;11%;7%;5%;5%;2%;-1%;-3%;-4%;-4%;-4%;-2%;-5%;-2%;4%;10%;9%;13%;20%;23%;24%;23%;22%;18%;20%;17%;14%;10%;10%;7%;3%;-1%;-3%;-4%;-8%;-6%;-9%;-11%;-14%;-15%;-18%;-20%;-21%;-22%;-22%;-22%;-22%;-23%;-22%;-24%;-22%;-23%;-22%;-19%;;;;;;;;;;;;;;;;;;;;;;;;;;;;;;;;;;;;;;;;;;;;;;;;;;;;;;;;;;;;;;;;;;;;;;;
41;Loir-et-Cher;;;;;;;;;;;;;3%;2%;2%;1%;1%;1%;2%;2%;-2%;-2%;1%;2%;3%;3%;2%;3%;3%;2%;0%;-2%;0%;0%;0%;-2%;-1%;-1%;-2%;-3%;-3%;-2%;-1%;0%;-1%;-1%;-2%;-1%;-2%;-2%;-2%;-2%;-4%;-7%;-6%;-8%;-8%;-11%;-12%;-15%;-16%;-19%;-20%;-20%;-21%;-19%;-20%;-19%;-19%;-15%;-12%;-7%;-5%;-2%;1%;3%;7%;7%;10%;14%;15%;14%;14%;14%;15%;15%;12%;13%;12%;11%;9%;6%;6%;8%;8%;5%;1%;-1%;2%;-3%;-7%;-7%;-8%;-9%;-13%;-20%;-20%;-20%;-16%;-15%;-17%;-14%;-10%;-10%;-8%;-4%;1%;6%;6%;6%;3%;4%;4%;2%;0%;-3%;-4%;-8%;-12%;-10%;-12%;-9%;-9%;-8%;-8%;-5%;-2%;4%;7%;12%;16%;12%;14%;11%;14%;13%;13%;12%;10%;6%;4%;2%;2%;4%;5%;7%;6%;7%;9%;10%;10%;12%;12%;12%;11%;12%;9%;10%;8%;7%;5%;3%;2%;2%;3%;4%;2%;2%;4%;2%;4%;5%;6%;7%;10%;9%;8%;10%;10%;13%;13%;8%;3%;5%;0%;-2%;-5%;-5%;-3%;-4%;-4%;-5%;-6%;4%;14%;13%;19%;27%;31%;33%;31%;30%;30%;28%;30%;23%;17%;14%;10%;4%;1%;-1%;-3%;-4%;-4%;-5%;-7%;-9%;-11%;-12%;-14%;-13%;-14%;-15%;-15%;-19%;-19%;-19%;-21%;-18%;-19%;-18%;-16%;;;;;;;;;;;;;;;;;;;;;;;;;;;;;;;;;;;;;;;;;;;;;;;;;;;;;;;;;;;;;;;;;;;;;;;
42;Loire;;;;;;;;;;;;;1%;0%;0%;-1%;-1%;0%;0%;2%;2%;4%;5%;4%;5%;7%;6%;6%;7%;6%;5%;3%;3%;1%;0%;2%;1%;1%;1%;0%;0%;-1%;-1%;-1%;-2%;-2%;-1%;-3%;-3%;-4%;-5%;-5%;-7%;-8%;-7%;-9%;-10%;-11%;-16%;-17%;-19%;-22%;-22%;-23%;-24%;-23%;-23%;-21%;-20%;-17%;-10%;-5%;-1%;5%;9%;15%;20%;22%;23%;25%;29%;27%;24%;23%;22%;21%;20%;19%;18%;17%;16%;12%;7%;9%;9%;5%;2%;-2%;-1%;-6%;-10%;-12%;-12%;-11%;-9%;-15%;-17%;-14%;-11%;-8%;-10%;-7%;-3%;-2%;-1%;1%;2%;6%;8%;4%;2%;5%;2%;1%;1%;-2%;-3%;-6%;-9%;-10%;-10%;-8%;-8%;-12%;-7%;-4%;-4%;-1%;1%;4%;5%;8%;7%;8%;10%;12%;7%;8%;9%;7%;6%;5%;7%;8%;9%;10%;9%;10%;13%;12%;12%;14%;15%;15%;15%;12%;12%;11%;11%;10%;8%;7%;5%;4%;2%;2%;1%;3%;2%;1%;2%;2%;4%;4%;7%;6%;8%;8%;8%;8%;9%;4%;0%;2%;-3%;-2%;-3%;-2%;-1%;-1%;0%;-2%;0%;10%;17%;16%;23%;26%;25%;24%;21%;20%;19%;21%;19%;12%;9%;7%;2%;0%;-1%;-3%;-3%;-3%;-4%;-7%;-7%;-9%;-11%;-12%;-12%;-13%;-15%;-14%;-16%;-16%;-17%;-16%;-18%;-17%;-16%;-17%;-16%;;;;;;;;;;;;;;;;;;;;;;;;;;;;;;;;;;;;;;;;;;;;;;;;;;;;;;;;;;;;;;;;;;;;;;;
43;Haute-Loire;;;;;;;;;;;;;-1%;-3%;-2%;-5%;-3%;-4%;-4%;-4%;-4%;2%;3%;3%;6%;9%;8%;9%;10%;10%;11%;11%;11%;6%;5%;5%;3%;2%;2%;3%;1%;2%;1%;0%;1%;1%;1%;-1%;0%;-1%;-4%;-5%;-6%;-7%;-9%;-10%;-13%;-14%;-17%;-17%;-19%;-21%;-22%;-23%;-24%;-25%;-24%;-23%;-21%;-18%;-13%;-10%;-6%;-2%;2%;3%;5%;13%;13%;17%;18%;15%;15%;13%;10%;11%;11%;13%;15%;12%;12%;9%;7%;13%;12%;11%;12%;6%;3%;2%;-3%;-4%;-6%;-7%;-7%;-16%;-18%;-17%;-17%;-13%;-11%;-13%;-9%;-8%;-9%;-4%;-4%;3%;5%;6%;3%;0%;-2%;0%;1%;-1%;0%;-5%;-6%;-8%;-9%;-14%;-10%;-6%;-5%;-4%;-5%;-1%;0%;5%;6%;10%;8%;13%;13%;10%;8%;9%;9%;7%;7%;5%;8%;7%;12%;13%;10%;12%;13%;12%;11%;13%;12%;12%;8%;7%;4%;2%;5%;2%;4%;3%;4%;3%;5%;3%;4%;4%;4%;8%;5%;7%;6%;6%;6%;5%;4%;6%;6%;8%;8%;-1%;-4%;-3%;-4%;-7%;-5%;-3%;-1%;-2%;-1%;-2%;1%;12%;20%;20%;23%;29%;26%;25%;23%;25%;23%;22%;20%;15%;12%;13%;9%;8%;6%;5%;5%;-1%;1%;1%;0%;-1%;-4%;-6%;-7%;-10%;-10%;-12%;-13%;-9%;-14%;-15%;-18%;-17%;-18%;-18%;-16%;;;;;;;;;;;;;;;;;;;;;;;;;;;;;;;;;;;;;;;;;;;;;;;;;;;;;;;;;;;;;;;;;;;;;;;
44;Loire-Atlantique;;;;;;;;;;;;;0%;2%;0%;0%;1%;2%;2%;2%;3%;3%;3%;1%;2%;1%;1%;1%;2%;1%;1%;1%;0%;-1%;-1%;0%;-1%;-2%;-1%;-2%;-2%;-3%;-3%;-4%;-4%;-4%;-3%;-3%;-3%;-4%;-5%;-5%;-7%;-9%;-8%;-10%;-12%;-13%;-17%;-18%;-19%;-21%;-21%;-21%;-21%;-19%;-19%;-17%;-13%;-8%;-2%;2%;6%;12%;17%;22%;25%;27%;32%;34%;33%;28%;26%;26%;23%;20%;18%;16%;16%;15%;9%;6%;4%;8%;7%;3%;0%;-2%;-2%;-7%;-10%;-12%;-12%;-12%;-13%;-22%;-23%;-21%;-18%;-16%;-16%;-13%;-9%;-8%;-6%;-4%;-1%;7%;10%;9%;7%;7%;5%;5%;4%;3%;2%;0%;0%;-2%;-4%;-4%;-3%;-2%;1%;3%;5%;8%;10%;15%;8%;13%;17%;18%;19%;19%;16%;15%;13%;11%;10%;7%;12%;10%;10%;10%;10%;11%;13%;14%;13%;16%;15%;14%;14%;13%;10%;9%;7%;5%;4%;1%;1%;0%;0%;1%;0%;0%;1%;1%;3%;4%;5%;7%;8%;8%;8%;10%;9%;10%;9%;4%;0%;1%;-3%;-6%;-7%;-8%;-7%;-7%;-8%;-8%;-8%;2%;9%;7%;13%;20%;22%;20%;18%;16%;17%;16%;16%;9%;6%;4%;0%;-4%;-6%;-6%;-6%;-7%;-8%;-8%;-9%;-10%;-13%;-13%;-13%;-15%;-16%;-17%;-18%;-19%;-20%;-21%;-22%;-21%;-20%;-21%;-20%;;;;;;;;;;;;;;;;;;;;;;;;;;;;;;;;;;;;;;;;;;;;;;;;;;;;;;;;;;;;;;;;;;;;;;;
45;Loiret;;;;;;;;;;;;;2%;2%;0%;1%;0%;0%;0%;1%;1%;2%;1%;3%;3%;4%;5%;4%;6%;5%;4%;4%;4%;2%;2%;-3%;-1%;-2%;-3%;-5%;-4%;-4%;-5%;-6%;-6%;-6%;-6%;-3%;-5%;-5%;-6%;-5%;-9%;-11%;-9%;-10%;-11%;-13%;-16%;-19%;-19%;-21%;-20%;-21%;-20%;-19%;-19%;-18%;-15%;-9%;-4%;1%;5%;8%;11%;16%;20%;23%;26%;26%;26%;21%;20%;20%;17%;15%;14%;12%;10%;6%;3%;2%;-1%;1%;1%;-3%;-4%;-6%;-5%;-8%;-10%;-8%;-7%;-6%;-4%;-10%;-11%;-9%;-8%;-5%;-6%;-5%;-4%;-4%;-4%;-3%;-4%;1%;2%;0%;-1%;-1%;-3%;-3%;-4%;-8%;-8%;-9%;-11%;-9%;-8%;-6%;-5%;-4%;-2%;0%;7%;16%;15%;19%;23%;17%;15%;13%;13%;11%;9%;9%;3%;-1%;0%;-2%;-2%;1%;4%;4%;7%;10%;12%;12%;14%;16%;15%;13%;15%;14%;12%;12%;7%;2%;0%;-2%;-1%;-1%;-1%;0%;-2%;-3%;-2%;-2%;2%;3%;8%;10%;7%;7%;7%;9%;10%;12%;13%;9%;4%;5%;-1%;-4%;-3%;-4%;-2%;-2%;-3%;-3%;-4%;3%;9%;9%;17%;26%;26%;27%;23%;21%;21%;18%;20%;14%;13%;11%;5%;-3%;-4%;-6%;-4%;-7%;-7%;-7%;-9%;-10%;-14%;-13%;-14%;-15%;-17%;-18%;-20%;-20%;-20%;-21%;-22%;-20%;-18%;-22%;-21%;;;;;;;;;;;;;;;;;;;;;;;;;;;;;;;;;;;;;;;;;;;;;;;;;;;;;;;;;;;;;;;;;;;;;;;
46;Lot;;;;;;;;;;;;;0%;0%;1%;4%;4%;-2%;-4%;-3%;-4%;0%;1%;1%;0%;4%;3%;1%;3%;8%;7%;8%;8%;5%;2%;3%;5%;4%;3%;4%;1%;-2%;-1%;-3%;-3%;-5%;-3%;-3%;-6%;-7%;-7%;-7%;-7%;-9%;-7%;-7%;-9%;-10%;-13%;-17%;-16%;-16%;-19%;-21%;-22%;-21%;-24%;-23%;-21%;-17%;-15%;-11%;-10%;-6%;-2%;2%;7%;8%;13%;13%;13%;12%;14%;14%;13%;10%;11%;11%;12%;11%;7%;8%;7%;8%;7%;5%;3%;4%;0%;-5%;-10%;-9%;-7%;-10%;-9%;-16%;-17%;-16%;-14%;-14%;-10%;-7%;-5%;-6%;-6%;-2%;-2%;7%;11%;10%;7%;9%;5%;5%;6%;5%;5%;-3%;-5%;-9%;-12%;-10%;-9%;-6%;-5%;-3%;-3%;1%;2%;12%;14%;17%;17%;17%;18%;13%;12%;9%;11%;7%;8%;2%;4%;3%;6%;6%;5%;9%;10%;14%;14%;16%;15%;15%;15%;16%;12%;11%;9%;6%;7%;4%;1%;2%;0%;0%;-2%;-2%;-1%;1%;1%;2%;3%;3%;6%;6%;9%;9%;11%;9%;12%;5%;2%;3%;-1%;-2%;-4%;-6%;-5%;-4%;-4%;-3%;-5%;6%;14%;15%;20%;25%;28%;32%;28%;28%;28%;30%;29%;24%;19%;18%;14%;11%;9%;7%;7%;3%;0%;-1%;-3%;-6%;-9%;-11%;-12%;-15%;-18%;-18%;-19%;-17%;-17%;-19%;-18%;-16%;-16%;-17%;-16%;;;;;;;;;;;;;;;;;;;;;;;;;;;;;;;;;;;;;;;;;;;;;;;;;;;;;;;;;;;;;;;;;;;;;;;
47;Lot-et-Garonne;;;;;;;;;;;;;1%;2%;0%;-2%;-1%;-2%;-1%;-2%;-1%;1%;-1%;0%;0%;0%;2%;3%;4%;5%;4%;5%;3%;1%;2%;0%;1%;1%;0%;0%;0%;-1%;-2%;-3%;-1%;-1%;1%;1%;-1%;-2%;-3%;-3%;-5%;-7%;-5%;-7%;-10%;-12%;-17%;-19%;-20%;-22%;-22%;-25%;-27%;-25%;-25%;-24%;-20%;-16%;-11%;-7%;-2%;3%;8%;13%;19%;20%;22%;23%;22%;21%;19%;21%;19%;15%;13%;12%;10%;11%;9%;8%;6%;7%;7%;1%;-2%;-3%;-4%;-7%;-9%;-11%;-10%;-11%;-10%;-16%;-17%;-13%;-10%;-7%;-6%;-4%;-3%;-1%;0%;2%;3%;8%;11%;6%;6%;3%;3%;2%;1%;0%;-2%;-6%;-7%;-6%;-8%;-7%;-6%;-5%;-3%;-1%;2%;3%;6%;15%;13%;12%;11%;11%;13%;13%;10%;9%;7%;6%;5%;0%;3%;3%;6%;7%;5%;7%;10%;9%;10%;12%;14%;13%;11%;12%;10%;9%;8%;5%;4%;3%;2%;2%;0%;2%;3%;2%;2%;4%;4%;7%;8%;10%;9%;9%;9%;11%;11%;13%;13%;6%;2%;3%;0%;-3%;-3%;-4%;-2%;-2%;-4%;-6%;-5%;4%;11%;10%;14%;22%;24%;26%;23%;22%;24%;26%;26%;20%;16%;16%;14%;8%;4%;3%;3%;2%;0%;-2%;-4%;-6%;-8%;-11%;-12%;-14%;-15%;-17%;-19%;-21%;-22%;-22%;-26%;-24%;-24%;-25%;-25%;;;;;;;;;;;;;;;;;;;;;;;;;;;;;;;;;;;;;;;;;;;;;;;;;;;;;;;;;;;;;;;;;;;;;;;
48;Lozère;;;;;;;;;;;;;-2%;-4%;-3%;-5%;-1%;-5%;-1%;1%;0%;7%;5%;4%;6%;8%;10%;12%;11%;11%;8%;7%;11%;6%;2%;0%;0%;0%;-5%;-7%;-6%;-6%;-5%;-7%;-9%;-10%;-5%;-5%;-6%;-8%;-6%;-5%;-3%;-1%;2%;4%;1%;5%;-1%;0%;-2%;-2%;-3%;-3%;-10%;-12%;-16%;-18%;-16%;-16%;-15%;-15%;-8%;-10%;-11%;-8%;-3%;-3%;0%;2%;6%;3%;5%;5%;-2%;2%;4%;0%;-2%;0%;-6%;-9%;-11%;-3%;5%;8%;9%;9%;8%;9%;11%;12%;22%;27%;27%;10%;-9%;-9%;-8%;-9%;-6%;-8%;-8%;-9%;-15%;-16%;-13%;-6%;4%;2%;4%;5%;-2%;2%;4%;2%;4%;0%;-4%;-3%;-4%;-5%;-8%;-6%;0%;-3%;-5%;-3%;1%;8%;9%;4%;3%;5%;8%;5%;-4%;3%;2%;3%;-1%;-8%;-4%;-3%;1%;0%;3%;-1%;8%;1%;2%;3%;4%;7%;6%;7%;7%;6%;1%;9%;8%;8%;7%;8%;8%;11%;7%;7%;3%;7%;11%;4%;4%;7%;9%;7%;6%;3%;5%;3%;6%;1%;-1%;6%;4%;3%;4%;3%;6%;9%;12%;16%;20%;28%;34%;26%;29%;29%;30%;31%;24%;24%;17%;14%;6%;0%;-2%;1%;-1%;-1%;-4%;-7%;-2%;-5%;-2%;-2%;0%;3%;-1%;-3%;-6%;-9%;-7%;-4%;-10%;-11%;-11%;-13%;-14%;-14%;-11%;-13%;-13%;;;;;;;;;;;;;;;;;;;;;;;;;;;;;;;;;;;;;;;;;;;;;;;;;;;;;;;;;;;;;;;;;;;;;;;
49;Maine-et-Loire;;;;;;;;;;;;;-1%;-2%;-2%;-1%;-1%;0%;1%;2%;5%;5%;5%;5%;7%;7%;7%;6%;8%;7%;5%;4%;3%;2%;2%;1%;-1%;1%;0%;0%;-1%;-2%;-1%;0%;1%;-1%;0%;-1%;0%;-2%;-2%;-3%;-5%;-7%;-9%;-11%;-13%;-14%;-17%;-18%;-20%;-22%;-22%;-23%;-22%;-21%;-20%;-18%;-16%;-12%;-8%;-6%;-2%;4%;7%;13%;15%;17%;21%;23%;27%;24%;24%;26%;24%;21%;20%;18%;17%;15%;11%;7%;3%;5%;4%;-1%;-3%;-6%;-4%;-10%;-13%;-12%;-12%;-12%;-12%;-18%;-19%;-16%;-14%;-11%;-12%;-8%;-5%;-6%;-5%;-1%;0%;6%;9%;6%;4%;5%;3%;3%;3%;3%;1%;-3%;-5%;-6%;-10%;-8%;-6%;-6%;-6%;-4%;-3%;-2%;3%;8%;11%;13%;15%;16%;16%;16%;18%;16%;15%;14%;11%;8%;9%;8%;9%;9%;8%;9%;11%;10%;9%;10%;10%;9%;9%;10%;8%;8%;7%;5%;3%;3%;4%;3%;3%;4%;4%;2%;4%;4%;6%;8%;10%;11%;11%;11%;12%;14%;13%;14%;14%;8%;4%;4%;-1%;-4%;-4%;-4%;-3%;-4%;-5%;-4%;-5%;5%;11%;10%;17%;23%;23%;21%;18%;18%;18%;16%;17%;10%;7%;6%;1%;-3%;-4%;-5%;-5%;-7%;-7%;-8%;-9%;-10%;-13%;-15%;-15%;-16%;-18%;-17%;-19%;-19%;-19%;-19%;-22%;-19%;-19%;-18%;-17%;;;;;;;;;;;;;;;;;;;;;;;;;;;;;;;;;;;;;;;;;;;;;;;;;;;;;;;;;;;;;;;;;;;;;;;
50;Manche;;;;;;;;;;;;;1%;0%;1%;1%;1%;2%;1%;2%;1%;1%;1%;1%;2%;1%;0%;-1%;1%;1%;0%;1%;0%;1%;0%;0%;-1%;1%;2%;1%;2%;1%;1%;-1%;-1%;-3%;-2%;-3%;-4%;-6%;-7%;-5%;-8%;-9%;-9%;-9%;-10%;-10%;-13%;-15%;-16%;-18%;-17%;-20%;-20%;-19%;-20%;-19%;-17%;-16%;-12%;-10%;-6%;-2%;0%;5%;7%;10%;11%;14%;15%;16%;16%;19%;17%;16%;16%;14%;15%;14%;11%;8%;6%;8%;7%;2%;0%;-4%;-2%;-7%;-10%;-11%;-11%;-10%;-9%;-17%;-18%;-14%;-14%;-10%;-13%;-8%;-6%;-5%;-4%;-3%;-2%;4%;7%;6%;4%;3%;3%;2%;3%;0%;0%;-6%;-5%;-4%;-6%;-9%;-6%;-4%;-1%;0%;0%;5%;7%;19%;13%;13%;14%;17%;16%;14%;13%;13%;13%;9%;7%;1%;7%;7%;9%;9%;10%;11%;11%;11%;11%;13%;14%;14%;11%;10%;8%;7%;4%;3%;2%;2%;0%;-1%;-1%;0%;1%;1%;2%;2%;3%;3%;5%;6%;9%;10%;10%;10%;9%;11%;11%;6%;3%;4%;0%;-3%;-2%;-3%;-1%;1%;1%;1%;0%;11%;17%;17%;21%;31%;30%;27%;21%;20%;20%;18%;19%;11%;8%;7%;8%;-3%;-6%;-5%;-2%;-6%;-7%;-6%;-8%;-8%;-10%;-13%;-15%;-13%;-13%;-14%;-17%;-17%;-17%;-17%;-19%;-18%;-18%;-16%;-14%;;;;;;;;;;;;;;;;;;;;;;;;;;;;;;;;;;;;;;;;;;;;;;;;;;;;;;;;;;;;;;;;;;;;;;;
51;Marne;;;;;;;;;;;;;-1%;-4%;-1%;-1%;-1%;0%;1%;4%;6%;6%;6%;4%;4%;8%;5%;5%;5%;5%;2%;1%;-1%;-2%;-2%;-2%;-3%;-5%;-4%;-4%;-1%;-2%;0%;-2%;-1%;-1%;-1%;-1%;0%;0%;-1%;-2%;-7%;-9%;-10%;-10%;-12%;-14%;-16%;-18%;-20%;-23%;-22%;-23%;-22%;-20%;-19%;-18%;-15%;-10%;-6%;-1%;2%;8%;10%;14%;16%;17%;19%;21%;20%;17%;16%;16%;14%;10%;10%;8%;9%;9%;5%;3%;3%;7%;6%;1%;0%;-1%;1%;-3%;-7%;-6%;-6%;-6%;-8%;-19%;-20%;-17%;-15%;-14%;-14%;-12%;-9%;-9%;-9%;-8%;-4%;5%;8%;7%;6%;7%;5%;5%;5%;4%;4%;-1%;-5%;-2%;-6%;-5%;-4%;-4%;-3%;-1%;-1%;1%;3%;13%;17%;10%;11%;12%;14%;13%;13%;12%;13%;12%;10%;4%;5%;8%;11%;10%;8%;8%;8%;9%;9%;10%;11%;11%;10%;10%;5%;5%;5%;4%;4%;0%;0%;0%;-1%;-2%;-1%;-2%;0%;2%;2%;2%;5%;6%;7%;6%;6%;7%;6%;8%;7%;2%;-1%;0%;-3%;-6%;-6%;-8%;-5%;-3%;-4%;-6%;-5%;3%;10%;11%;14%;21%;24%;26%;22%;18%;18%;20%;21%;18%;11%;11%;9%;2%;-2%;-3%;-3%;-6%;-3%;-5%;-10%;-13%;-12%;-17%;-16%;-17%;-15%;-16%;-17%;-15%;-18%;-18%;-16%;-14%;-15%;-14%;-14%;;;;;;;;;;;;;;;;;;;;;;;;;;;;;;;;;;;;;;;;;;;;;;;;;;;;;;;;;;;;;;;;;;;;;;;
52;Haute-Marne;;;;;;;;;;;;;1%;0%;2%;-1%;0%;0%;1%;6%;8%;7%;5%;4%;4%;7%;4%;6%;5%;4%;3%;-1%;-4%;-5%;-5%;-4%;-5%;-5%;-5%;-6%;-3%;-2%;-3%;-1%;1%;1%;3%;1%;2%;-1%;0%;0%;-4%;-9%;-8%;-9%;-11%;-12%;-14%;-13%;-15%;-17%;-17%;-19%;-17%;-12%;-12%;-12%;-9%;-7%;-7%;-5%;-1%;2%;6%;10%;11%;7%;6%;7%;8%;9%;12%;12%;9%;8%;5%;4%;0%;4%;5%;3%;-1%;-2%;-3%;-6%;-6%;-8%;-8%;-11%;-8%;-11%;-11%;-10%;-8%;-14%;-15%;-14%;-11%;-9%;-9%;-7%;-7%;-6%;-7%;-7%;-5%;3%;4%;4%;1%;3%;2%;2%;3%;3%;3%;1%;-4%;-5%;-5%;-4%;-3%;-2%;-2%;-1%;0%;0%;3%;9%;12%;10%;11%;10%;11%;9%;9%;8%;7%;6%;3%;-1%;1%;5%;3%;6%;5%;7%;8%;8%;8%;10%;9%;13%;11%;7%;6%;6%;4%;0%;2%;1%;2%;0%;1%;-1%;-4%;-3%;-1%;-2%;1%;4%;5%;6%;7%;9%;10%;11%;15%;16%;13%;10%;4%;4%;-1%;-3%;-4%;-7%;-5%;-5%;-7%;-7%;-3%;3%;12%;13%;16%;22%;22%;24%;20%;23%;25%;20%;19%;15%;11%;9%;10%;8%;7%;5%;5%;0%;-2%;2%;-1%;0%;-3%;-5%;-10%;-12%;-13%;-13%;-12%;-12%;-12%;-15%;-16%;-17%;-17%;-17%;-12%;;;;;;;;;;;;;;;;;;;;;;;;;;;;;;;;;;;;;;;;;;;;;;;;;;;;;;;;;;;;;;;;;;;;;;;
53;Mayenne;;;;;;;;;;;;;6%;4%;5%;5%;4%;3%;1%;0%;0%;1%;-1%;-3%;-2%;-2%;-3%;-3%;-2%;-2%;-2%;0%;-2%;-3%;-2%;1%;-2%;1%;2%;1%;1%;1%;3%;1%;3%;3%;1%;-2%;1%;-1%;-4%;-2%;-3%;-5%;-6%;-6%;-10%;-11%;-14%;-14%;-16%;-19%;-18%;-20%;-22%;-21%;-23%;-25%;-22%;-19%;-13%;-11%;-8%;-4%;-2%;2%;7%;10%;17%;22%;25%;21%;20%;22%;21%;21%;22%;21%;19%;17%;12%;10%;6%;10%;9%;5%;3%;-1%;-1%;-5%;-7%;-7%;-8%;-10%;-9%;-16%;-18%;-16%;-15%;-12%;-12%;-11%;-9%;-11%;-8%;-4%;-3%;0%;3%;5%;3%;3%;3%;5%;6%;7%;7%;2%;0%;2%;1%;-2%;-1%;0%;0%;0%;0%;1%;3%;7%;12%;11%;10%;11%;12%;10%;10%;10%;10%;9%;8%;6%;0%;4%;7%;8%;7%;9%;9%;11%;10%;11%;9%;9%;11%;10%;6%;7%;4%;3%;2%;-2%;-1%;-2%;-1%;-1%;-2%;-4%;-1%;-2%;1%;2%;-1%;1%;3%;4%;4%;6%;8%;9%;6%;3%;0%;0%;3%;2%;2%;1%;4%;4%;2%;5%;10%;19%;24%;25%;29%;32%;31%;32%;28%;27%;25%;23%;21%;13%;10%;8%;1%;0%;-2%;-6%;-7%;-9%;-9%;-11%;-12%;-11%;-14%;-16%;-15%;-16%;-17%;-15%;-17%;-16%;-16%;-16%;-17%;-17%;-16%;-16%;-14%;;;;;;;;;;;;;;;;;;;;;;;;;;;;;;;;;;;;;;;;;;;;;;;;;;;;;;;;;;;;;;;;;;;;;;;
54;Meurthe-et-Moselle;;;;;;;;;;;;;5%;4%;4%;3%;2%;2%;3%;3%;2%;2%;2%;2%;2%;3%;2%;2%;3%;3%;2%;1%;1%;1%;0%;-1%;-2%;-1%;-2%;-3%;-2%;-2%;-2%;-2%;-2%;-3%;-2%;-3%;-3%;-4%;-4%;-3%;-6%;-8%;-9%;-11%;-13%;-13%;-18%;-18%;-19%;-21%;-21%;-22%;-22%;-21%;-20%;-18%;-15%;-11%;-4%;-2%;2%;7%;9%;15%;18%;23%;23%;25%;26%;23%;20%;20%;18%;15%;14%;11%;11%;8%;6%;4%;-1%;0%;2%;-2%;-3%;-4%;-5%;-7%;-11%;-12%;-12%;-12%;-10%;-15%;-19%;-16%;-16%;-14%;-14%;-11%;-7%;-7%;-5%;-4%;-2%;2%;9%;6%;6%;8%;7%;5%;4%;2%;1%;-1%;-6%;-6%;-12%;-9%;-8%;-8%;-6%;-4%;-2%;1%;4%;7%;14%;14%;17%;15%;16%;14%;12%;13%;11%;8%;7%;6%;3%;6%;7%;7%;7%;10%;11%;10%;10%;14%;13%;11%;12%;8%;6%;6%;5%;2%;2%;1%;1%;-1%;-1%;-1%;-1%;0%;1%;1%;2%;3%;4%;4%;7%;7%;7%;10%;9%;9%;7%;3%;0%;1%;-3%;-2%;-6%;-5%;-4%;-5%;-6%;-5%;-2%;7%;13%;12%;18%;20%;23%;21%;19%;17%;20%;17%;14%;8%;5%;4%;-1%;-3%;-5%;-5%;-5%;-5%;-7%;-6%;-9%;-8%;-10%;-13%;-12%;-14%;-15%;-16%;-17%;-19%;-19%;-19%;-19%;-18%;-18%;-18%;-17%;;;;;;;;;;;;;;;;;;;;;;;;;;;;;;;;;;;;;;;;;;;;;;;;;;;;;;;;;;;;;;;;;;;;;;;
55;Meuse;;;;;;;;;;;;;-1%;-2%;-2%;-1%;-1%;2%;6%;6%;10%;10%;11%;8%;5%;9%;6%;5%;8%;5%;2%;2%;-1%;0%;-2%;1%;3%;0%;2%;3%;-1%;1%;1%;2%;2%;-2%;-1%;-5%;-6%;-7%;-7%;-10%;-10%;-14%;-12%;-16%;-15%;-14%;-16%;-17%;-16%;-14%;-16%;-14%;-13%;-10%;-12%;-8%;-10%;-8%;-6%;-5%;-8%;-6%;-5%;-3%;-2%;-2%;0%;-1%;2%;2%;2%;4%;7%;3%;5%;4%;5%;4%;3%;3%;0%;4%;5%;3%;2%;4%;3%;0%;-2%;-2%;-2%;-3%;-2%;-10%;-13%;-12%;-11%;-11%;-11%;-10%;-8%;-8%;-8%;-6%;-5%;-1%;2%;4%;2%;3%;0%;0%;2%;2%;1%;-6%;-7%;-7%;-8%;-12%;-10%;-9%;-7%;-6%;-8%;-9%;-6%;4%;7%;4%;4%;8%;8%;8%;7%;9%;11%;11%;10%;2%;3%;6%;11%;9%;9%;13%;13%;13%;11%;15%;14%;16%;13%;9%;2%;3%;1%;-6%;-8%;-8%;-7%;-9%;-9%;-8%;-7%;-4%;1%;1%;5%;8%;15%;12%;10%;13%;15%;15%;16%;13%;9%;6%;-2%;0%;-7%;-6%;-6%;-6%;-6%;-6%;-8%;-5%;-2%;5%;15%;18%;23%;26%;29%;26%;22%;22%;24%;22%;23%;18%;12%;9%;5%;5%;0%;2%;3%;1%;-3%;-5%;-8%;-10%;-11%;-13%;-12%;-18%;-17%;-18%;-17%;-17%;-14%;-13%;-15%;-12%;-10%;-11%;-12%;;;;;;;;;;;;;;;;;;;;;;;;;;;;;;;;;;;;;;;;;;;;;;;;;;;;;;;;;;;;;;;;;;;;;;;
56;Morbihan;;;;;;;;;;;;;1%;0%;-2%;-4%;-5%;-6%;-8%;-7%;-6%;-6%;-7%;-6%;-5%;-4%;-4%;-3%;-2%;-2%;1%;2%;1%;1%;0%;-1%;-1%;1%;0%;1%;2%;1%;-1%;-3%;-2%;-3%;-1%;-2%;-4%;-6%;-6%;-7%;-10%;-11%;-11%;-12%;-15%;-16%;-20%;-22%;-22%;-23%;-24%;-24%;-25%;-24%;-24%;-22%;-18%;-14%;-9%;-4%;-1%;6%;11%;16%;21%;25%;29%;30%;31%;31%;30%;31%;29%;22%;21%;20%;18%;16%;11%;9%;7%;8%;6%;1%;-1%;-1%;-3%;-7%;-10%;-11%;-11%;-11%;-12%;-20%;-21%;-17%;-17%;-16%;-15%;-13%;-9%;-8%;-8%;-5%;-3%;5%;5%;3%;4%;3%;4%;4%;2%;2%;0%;-4%;-7%;-7%;-5%;-5%;-5%;-2%;-1%;0%;1%;4%;8%;16%;20%;20%;19%;18%;20%;17%;17%;17%;18%;14%;12%;7%;8%;8%;10%;12%;13%;15%;15%;15%;14%;17%;17%;17%;17%;17%;14%;13%;11%;9%;8%;7%;6%;5%;5%;5%;4%;2%;2%;2%;3%;3%;5%;5%;7%;7%;7%;9%;9%;12%;12%;8%;3%;5%;1%;-1%;-3%;-4%;-3%;-3%;-3%;-5%;-4%;5%;12%;11%;17%;22%;25%;26%;22%;20%;20%;19%;18%;11%;8%;5%;0%;-4%;-6%;-8%;-8%;-10%;-9%;-10%;-12%;-13%;-15%;-16%;-15%;-16%;-17%;-16%;-17%;-18%;-19%;-18%;-19%;-18%;-18%;-19%;-18%;;;;;;;;;;;;;;;;;;;;;;;;;;;;;;;;;;;;;;;;;;;;;;;;;;;;;;;;;;;;;;;;;;;;;;;
57;Moselle;;;;;;;;;;;;;;;;;;;;;;;;;;;;;;;;;;;;;;;;;;;;;;;;;;;;;;;;;;;;;;;;;;;;;;;;;;;;;;;;;;;;;;;;;;;;;;;;;;;;;;;;;;;;;;;;;;;;;;;;;;;;;;;;;;;;;;;;;;;;;;;;;;;;;;;;;;;;;;;;;;;;;;;;;;;;;;;;;;;;;;;;;;;;;;;;;;;;;;;;;;;;;;;;;;;;;;;;;;;;;;;;;;;;;;;;;;;;;;;;;;;;;;;;;;;;;;;;;;;;;;;;;;;;;;;;;;;;;;;;;;;;;;;;;;;;;;;;;;;;;;;;;;;;;;;;;;
58;Nièvre;;;;;;;;;;;;;2%;3%;5%;6%;5%;7%;7%;6%;5%;5%;5%;5%;5%;3%;2%;0%;3%;3%;1%;1%;1%;-3%;-3%;-2%;-2%;0%;-1%;-1%;-3%;-3%;-3%;-3%;-3%;-2%;1%;-1%;-4%;-3%;-3%;-4%;-6%;-7%;-6%;-6%;-9%;-10%;-13%;-14%;-14%;-17%;-18%;-18%;-18%;-19%;-21%;-22%;-21%;-17%;-15%;-12%;-11%;-8%;-5%;-2%;0%;4%;6%;7%;12%;8%;9%;9%;8%;7%;5%;5%;5%;5%;5%;5%;0%;3%;3%;0%;0%;0%;1%;-3%;-6%;-8%;-8%;-9%;-6%;-11%;-13%;-10%;-9%;-10%;-10%;-8%;-5%;-5%;-5%;-3%;-4%;1%;2%;0%;-1%;1%;0%;-1%;-3%;-3%;-4%;-5%;-7%;-8%;-9%;-7%;-8%;-8%;-8%;-5%;-1%;0%;3%;5%;7%;8%;10%;8%;12%;12%;12%;10%;7%;6%;4%;5%;7%;8%;7%;7%;6%;8%;10%;14%;13%;15%;16%;12%;10%;8%;8%;8%;7%;3%;1%;-2%;0%;0%;-1%;0%;1%;1%;1%;1%;2%;5%;6%;6%;6%;5%;6%;7%;6%;7%;4%;0%;-5%;-5%;-6%;-8%;-9%;-8%;-8%;-6%;-5%;-5%;1%;11%;21%;21%;23%;30%;32%;30%;27%;25%;24%;22%;19%;14%;11%;10%;9%;5%;3%;3%;4%;2%;0%;1%;-1%;-5%;-9%;-9%;-10%;-13%;-12%;-11%;-13%;-13%;-13%;-15%;-16%;-13%;-11%;-14%;-11%;;;;;;;;;;;;;;;;;;;;;;;;;;;;;;;;;;;;;;;;;;;;;;;;;;;;;;;;;;;;;;;;;;;;;;;
59;Nord;;;;;;;;;;;;;0%;-2%;-2%;-2%;-2%;-1%;-2%;-1%;-2%;-1%;1%;0%;2%;4%;4%;3%;4%;4%;5%;4%;5%;3%;3%;3%;1%;1%;1%;1%;1%;1%;0%;1%;0%;-1%;-1%;-1%;-1%;-2%;-3%;-2%;-5%;-8%;-8%;-10%;-13%;-15%;-17%;-19%;-20%;-22%;-22%;-23%;-24%;-21%;-20%;-19%;-15%;-8%;-4%;1%;4%;8%;12%;17%;21%;23%;26%;28%;28%;22%;20%;21%;19%;17%;15%;13%;11%;9%;4%;2%;-2%;2%;1%;-3%;-4%;-6%;-5%;-9%;-11%;-11%;-11%;-11%;-9%;-18%;-17%;-16%;-14%;-12%;-12%;-9%;-6%;-7%;-6%;-3%;-2%;4%;7%;5%;3%;3%;1%;0%;0%;-1%;-1%;-5%;-7%;-6%;-12%;-8%;-6%;-4%;-1%;1%;1%;4%;6%;11%;14%;13%;17%;14%;14%;13%;10%;10%;10%;8%;7%;3%;5%;5%;8%;9%;9%;10%;12%;12%;10%;12%;12%;12%;11%;10%;7%;7%;3%;2%;1%;-1%;0%;0%;-1%;0%;0%;-1%;1%;1%;3%;4%;5%;6%;6%;6%;7%;8%;8%;10%;7%;3%;0%;1%;-1%;-4%;-5%;-5%;-4%;-4%;-4%;-5%;-1%;5%;11%;9%;13%;21%;21%;20%;16%;15%;14%;14%;12%;8%;5%;5%;2%;-3%;-5%;-5%;-4%;-6%;-6%;-6%;-9%;-10%;-12%;-14%;-16%;-17%;-19%;-19%;-21%;-21%;-21%;-21%;-22%;-21%;-19%;-19%;-17%;;;;;;;;;;;;;;;;;;;;;;;;;;;;;;;;;;;;;;;;;;;;;;;;;;;;;;;;;;;;;;;;;;;;;;;
60;Oise;;;;;;;;;;;;;-1%;-1%;0%;-1%;2%;2%;3%;4%;4%;5%;6%;6%;5%;5%;3%;2%;2%;2%;2%;0%;-1%;-3%;-3%;-5%;-5%;-4%;-4%;-2%;-2%;-4%;-4%;-4%;-5%;-4%;-4%;-3%;-3%;-5%;-6%;-7%;-9%;-10%;-11%;-12%;-14%;-16%;-18%;-21%;-22%;-23%;-23%;-24%;-24%;-23%;-22%;-19%;-17%;-11%;-7%;-2%;1%;6%;12%;18%;24%;24%;27%;29%;32%;27%;28%;28%;25%;23%;19%;15%;12%;13%;9%;5%;0%;3%;0%;-4%;-4%;-9%;-7%;-11%;-14%;-15%;-15%;-15%;-13%;-21%;-19%;-18%;-17%;-14%;-14%;-11%;-7%;-6%;-4%;-2%;-2%;6%;7%;6%;5%;6%;6%;5%;3%;2%;1%;-1%;-3%;-5%;-9%;-7%;-5%;-5%;-5%;-2%;-1%;1%;4%;7%;8%;11%;14%;12%;12%;13%;12%;11%;12%;10%;8%;7%;9%;8%;10%;11%;11%;12%;13%;13%;11%;12%;12%;10%;8%;8%;5%;4%;3%;0%;-1%;-3%;-3%;-2%;-3%;-3%;-3%;-3%;-3%;-2%;-2%;-1%;0%;3%;5%;4%;6%;9%;9%;11%;11%;6%;3%;5%;2%;-2%;-3%;-3%;-2%;-3%;-3%;-3%;-4%;7%;15%;13%;19%;26%;27%;25%;21%;18%;18%;15%;17%;10%;6%;4%;0%;-4%;-6%;-7%;-6%;-7%;-7%;-8%;-11%;-12%;-14%;-15%;-16%;-18%;-20%;-20%;-22%;-23%;-23%;-23%;-24%;-23%;-22%;-22%;-19%;;;;;;;;;;;;;;;;;;;;;;;;;;;;;;;;;;;;;;;;;;;;;;;;;;;;;;;;;;;;;;;;;;;;;;;
61;Orne;;;;;;;;;;;;;2%;-1%;-2%;-2%;-3%;-2%;-4%;-2%;-2%;-3%;-4%;-3%;-2%;1%;2%;1%;3%;1%;1%;0%;-2%;1%;1%;1%;-1%;-1%;-1%;-2%;-1%;0%;1%;2%;2%;0%;-1%;-2%;-2%;-3%;-6%;-7%;-9%;-12%;-11%;-14%;-16%;-17%;-19%;-20%;-21%;-24%;-21%;-21%;-22%;-20%;-20%;-19%;-14%;-11%;-9%;-5%;-3%;2%;4%;7%;9%;10%;12%;14%;11%;10%;12%;11%;12%;10%;7%;5%;7%;7%;5%;2%;2%;4%;2%;0%;-2%;-5%;-2%;-5%;-11%;-12%;-12%;-11%;-11%;-17%;-17%;-14%;-14%;-12%;-13%;-10%;-5%;-6%;-5%;-2%;0%;3%;3%;0%;1%;2%;-1%;0%;-2%;-2%;0%;-7%;-7%;-6%;-7%;-6%;-7%;-5%;-1%;-2%;1%;2%;1%;12%;10%;10%;12%;13%;15%;15%;12%;12%;11%;10%;10%;4%;6%;7%;8%;7%;5%;4%;6%;5%;6%;9%;8%;10%;10%;8%;5%;7%;8%;7%;5%;5%;2%;0%;2%;0%;1%;0%;2%;-1%;0%;1%;6%;6%;8%;12%;8%;9%;5%;9%;9%;5%;1%;3%;-5%;-5%;-4%;-6%;-2%;2%;5%;2%;5%;14%;23%;24%;30%;38%;36%;34%;32%;28%;27%;27%;22%;18%;14%;8%;7%;0%;-1%;-2%;-4%;-6%;-8%;-8%;-8%;-11%;-14%;-14%;-16%;-17%;-17%;-16%;-17%;-17%;-18%;-19%;-20%;-17%;-15%;-15%;-12%;;;;;;;;;;;;;;;;;;;;;;;;;;;;;;;;;;;;;;;;;;;;;;;;;;;;;;;;;;;;;;;;;;;;;;;
62;Pas-de-Calais;;;;;;;;;;;;;-3%;-2%;-3%;-2%;-1%;-1%;-1%;0%;0%;1%;2%;2%;4%;5%;4%;3%;5%;4%;5%;6%;6%;4%;4%;3%;1%;1%;1%;2%;2%;1%;0%;-1%;-2%;-2%;-3%;-3%;-3%;-4%;-4%;-5%;-7%;-9%;-9%;-11%;-12%;-13%;-15%;-16%;-18%;-19%;-20%;-20%;-20%;-18%;-19%;-16%;-14%;-10%;-6%;-2%;2%;6%;9%;12%;15%;17%;20%;21%;23%;20%;20%;20%;17%;15%;14%;12%;12%;11%;8%;5%;2%;5%;4%;0%;-2%;-3%;-2%;-6%;-9%;-11%;-11%;-11%;-10%;-19%;-19%;-15%;-13%;-12%;-12%;-8%;-5%;-3%;-2%;0%;0%;7%;11%;6%;3%;5%;2%;2%;1%;-3%;-3%;-5%;-7%;-7%;-13%;-8%;-6%;-6%;-5%;-3%;-1%;3%;6%;10%;13%;13%;17%;14%;15%;15%;14%;14%;13%;11%;9%;6%;7%;7%;8%;9%;9%;10%;11%;11%;10%;12%;12%;11%;11%;9%;6%;6%;3%;1%;1%;0%;0%;0%;0%;-1%;-1%;-1%;1%;1%;3%;4%;5%;5%;7%;6%;7%;9%;10%;11%;8%;4%;2%;3%;0%;-2%;-3%;-3%;-2%;-2%;-4%;-5%;0%;7%;12%;11%;15%;22%;22%;21%;18%;16%;17%;16%;15%;9%;7%;6%;3%;-1%;-2%;-3%;-2%;-4%;-5%;-6%;-9%;-10%;-12%;-14%;-16%;-17%;-19%;-19%;-21%;-21%;-22%;-21%;-22%;-20%;-20%;-19%;-16%;;;;;;;;;;;;;;;;;;;;;;;;;;;;;;;;;;;;;;;;;;;;;;;;;;;;;;;;;;;;;;;;;;;;;;;
63;Puy-de-Dôme;;;;;;;;;;;;;0%;-1%;-2%;-1%;0%;2%;3%;3%;5%;5%;4%;4%;6%;6%;6%;6%;6%;5%;4%;2%;0%;-2%;-1%;-2%;-2%;-1%;0%;-1%;-2%;-2%;-4%;-2%;0%;0%;1%;0%;0%;-2%;-5%;-3%;-5%;-7%;-4%;-7%;-10%;-11%;-16%;-15%;-17%;-18%;-17%;-18%;-19%;-17%;-18%;-15%;-12%;-10%;-4%;-3%;1%;4%;5%;8%;11%;14%;14%;15%;14%;15%;13%;13%;10%;9%;11%;10%;10%;8%;7%;7%;5%;6%;7%;4%;4%;2%;1%;-1%;-5%;-6%;-5%;-6%;-5%;-12%;-14%;-11%;-9%;-8%;-7%;-7%;-4%;-3%;-3%;-1%;-1%;4%;6%;3%;3%;7%;4%;3%;4%;2%;0%;-1%;-2%;-3%;-3%;-2%;-3%;-11%;-7%;-3%;-3%;-1%;2%;5%;5%;6%;6%;7%;9%;15%;11%;9%;7%;6%;5%;2%;6%;6%;8%;7%;8%;7%;10%;11%;12%;13%;12%;13%;11%;9%;7%;7%;3%;2%;0%;0%;-1%;0%;0%;-1%;0%;2%;2%;1%;4%;5%;9%;8%;8%;7%;8%;10%;9%;9%;9%;5%;0%;0%;-5%;-6%;-7%;-7%;-6%;-7%;-7%;-8%;-5%;4%;10%;9%;14%;19%;21%;20%;20%;21%;19%;20%;16%;9%;9%;10%;8%;7%;3%;5%;1%;-1%;3%;1%;2%;2%;-3%;-4%;-5%;-10%;-9%;-12%;-13%;-13%;-16%;-16%;-19%;-18%;-18%;-20%;-19%;;;;;;;;;;;;;;;;;;;;;;;;;;;;;;;;;;;;;;;;;;;;;;;;;;;;;;;;;;;;;;;;;;;;;;;
64;Pyrénées-Atlantiques;;;;;;;;;;;;;2%;1%;0%;0%;0%;-1%;-1%;-1%;-2%;-1%;-3%;-1%;-2%;-1%;0%;1%;1%;2%;3%;3%;4%;3%;4%;1%;1%;2%;1%;0%;0%;-1%;-2%;-4%;-4%;-5%;-4%;-3%;-5%;-7%;-9%;-10%;-11%;-13%;-13%;-14%;-17%;-17%;-21%;-23%;-23%;-24%;-23%;-24%;-24%;-21%;-20%;-17%;-12%;-8%;-2%;5%;8%;14%;18%;26%;29%;31%;34%;33%;32%;29%;27%;25%;24%;18%;17%;14%;12%;11%;8%;8%;7%;10%;10%;5%;3%;4%;2%;0%;-2%;-4%;-4%;-7%;-7%;-19%;-22%;-18%;-16%;-16%;-14%;-13%;-10%;-8%;-6%;-1%;0%;11%;16%;13%;10%;9%;8%;6%;6%;2%;-1%;-5%;-9%;-10%;-15%;-12%;-9%;-7%;-5%;-2%;-2%;3%;8%;13%;17%;18%;24%;21%;22%;21%;18%;19%;18%;16%;13%;11%;12%;12%;12%;14%;15%;16%;17%;15%;15%;16%;15%;14%;13%;12%;10%;7%;4%;2%;2%;0%;1%;0%;0%;1%;0%;0%;0%;2%;3%;3%;6%;7%;7%;6%;7%;8%;9%;10%;10%;5%;0%;2%;-2%;-4%;-4%;-4%;-3%;-2%;-3%;-4%;-2%;6%;15%;15%;17%;24%;27%;27%;22%;20%;20%;19%;18%;12%;8%;4%;2%;-2%;-7%;-8%;-7%;-8%;-9%;-10%;-11%;-12%;-14%;-13%;-13%;-16%;-15%;-16%;-17%;-18%;-19%;-20%;-21%;-19%;-18%;-20%;-19%;;;;;;;;;;;;;;;;;;;;;;;;;;;;;;;;;;;;;;;;;;;;;;;;;;;;;;;;;;;;;;;;;;;;;;;
65;Hautes-Pyrénées;;;;;;;;;;;;;6%;5%;3%;2%;3%;3%;0%;2%;2%;4%;1%;2%;3%;2%;1%;1%;3%;2%;2%;0%;0%;0%;2%;0%;-1%;-2%;-1%;0%;-2%;-3%;-4%;-5%;-6%;-9%;-11%;-11%;-12%;-11%;-12%;-12%;-11%;-13%;-10%;-10%;-11%;-11%;-12%;-15%;-15%;-18%;-19%;-19%;-21%;-19%;-20%;-18%;-16%;-12%;-8%;-3%;0%;6%;9%;13%;14%;19%;19%;18%;20%;16%;15%;15%;13%;8%;8%;6%;9%;3%;0%;0%;-2%;2%;2%;-2%;-1%;0%;-2%;-3%;-7%;-5%;-4%;-4%;-5%;-13%;-17%;-12%;-13%;-11%;-12%;-11%;-8%;-8%;-6%;-5%;-1%;2%;9%;5%;4%;3%;5%;4%;6%;4%;1%;-1%;-6%;-4%;-9%;-7%;-5%;-6%;-7%;-6%;-7%;-5%;-1%;3%;7%;7%;11%;11%;12%;16%;15%;18%;19%;19%;15%;13%;13%;15%;15%;15%;14%;12%;14%;11%;10%;12%;12%;9%;9%;6%;5%;5%;5%;3%;2%;2%;0%;-1%;0%;3%;2%;4%;5%;4%;5%;6%;8%;9%;11%;12%;13%;14%;13%;13%;7%;6%;2%;4%;0%;-3%;-3%;-5%;-4%;-5%;-2%;-3%;6%;10%;18%;14%;20%;27%;30%;31%;28%;26%;25%;25%;20%;16%;13%;13%;8%;4%;1%;-1%;-1%;-3%;-5%;-6%;-7%;-7%;-9%;-10%;-9%;-11%;-11%;-12%;-14%;-14%;-13%;-14%;-16%;-16%;-14%;-15%;-15%;;;;;;;;;;;;;;;;;;;;;;;;;;;;;;;;;;;;;;;;;;;;;;;;;;;;;;;;;;;;;;;;;;;;;;;
66;Pyrénées-Orientales;;;;;;;;;;;;;-11%;-10%;-8%;-8%;-7%;-6%;-4%;-3%;-3%;-1%;0%;0%;3%;3%;0%;0%;2%;1%;-1%;-1%;-1%;-2%;-2%;-3%;-4%;-2%;0%;0%;-1%;-1%;-2%;-3%;-2%;-2%;-2%;-2%;-3%;-6%;-9%;-9%;-11%;-12%;-12%;-13%;-16%;-18%;-21%;-22%;-22%;-23%;-22%;-23%;-23%;-21%;-20%;-19%;-15%;-10%;-4%;0%;4%;10%;13%;18%;22%;25%;27%;31%;31%;30%;28%;27%;25%;21%;19%;18%;16%;12%;8%;5%;2%;2%;1%;-4%;-6%;-7%;-7%;-11%;-13%;-13%;-13%;-13%;-12%;-19%;-19%;-16%;-14%;-13%;-12%;-10%;-7%;-5%;-3%;-1%;0%;7%;11%;8%;7%;7%;5%;6%;5%;2%;0%;-3%;-5%;-5%;-10%;-6%;-5%;-3%;-1%;0%;0%;4%;7%;11%;12%;13%;14%;13%;14%;14%;12%;11%;12%;10%;10%;8%;11%;11%;15%;14%;15%;14%;16%;17%;17%;19%;18%;16%;14%;13%;9%;10%;6%;5%;4%;3%;2%;0%;-1%;0%;0%;0%;1%;2%;5%;5%;7%;7%;8%;8%;10%;11%;10%;9%;6%;3%;-1%;0%;-3%;-4%;-4%;-4%;-3%;-2%;-2%;-1%;8%;11%;20%;20%;23%;28%;29%;28%;25%;24%;22%;22%;17%;15%;11%;9%;6%;4%;2%;2%;2%;1%;1%;-1%;-2%;-3%;-6%;-9%;-10%;-12%;-14%;-15%;-17%;-19%;-21%;-21%;-24%;-24%;-24%;-24%;-23%;;;;;;;;;;;;;;;;;;;;;;;;;;;;;;;;;;;;;;;;;;;;;;;;;;;;;;;;;;;;;;;;;;;;;;;
67;Bas-Rhin;;;;;;;;;;;;;;;;;;;;;;;;;;;;;;;;;;;;;;;;;;;;;;;;;;;;;;;;;;;;;;;;;;;;;;;;;;;;;;;;;;;;;;;;;;;;;;;;;;;;;;;;;;;;;;;;;;;;;;;;;;;;;;;;;;;;;;;;;;;;;;;;;;;;;;;;;;;;;;;;;;;;;;;;;;;;;;;;;;;;;;;;;;;;;;;;;;;;;;;;;;;;;;;;;;;;;;;;;;;;;;;;;;;;;;;;;;;;;;;;;;;;;;;;;;;;;;;;;;;;;;;;;;;;;;;;;;;;;;;;;;;;;;;;;;;;;;;;;;;;;;;;;;;;;;;;;;
68;Haut-Rhin;;;;;;;;;;;;;;;;;;;;;;;;;;;;;;;;;;;;;;;;;;;;;;;;;;;;;;;;;;;;;;;;;;;;;;;;;;;;;;;;;;;;;;;;;;;;;;;;;;;;;;;;;;;;;;;;;;;;;;;;;;;;;;;;;;;;;;;;;;;;;;;;;;;;;;;;;;;;;;;;;;;;;;;;;;;;;;;;;;;;;;;;;;;;;;;;;;;;;;;;;;;;;;;;;;;;;;;;;;;;;;;;;;;;;;;;;;;;;;;;;;;;;;;;;;;;;;;;;;;;;;;;;;;;;;;;;;;;;;;;;;;;;;;;;;;;;;;;;;;;;;;;;;;;;;;;;;
69;Rhône (*);;;;;;;;;;;;;0%;0%;-1%;0%;1%;2%;1%;3%;3%;3%;1%;1%;2%;4%;3%;1%;1%;0%;-1%;-2%;-3%;-4%;-4%;-3%;-3%;-3%;-2%;-2%;-1%;-1%;-1%;0%;1%;0%;2%;1%;-1%;-2%;-4%;-4%;-6%;-7%;-8%;-10%;-12%;-13%;-17%;-19%;-19%;-20%;-18%;-19%;-18%;-16%;-15%;-12%;-8%;-2%;5%;11%;15%;19%;21%;27%;28%;29%;29%;31%;30%;24%;22%;19%;17%;14%;14%;12%;12%;11%;7%;4%;0%;6%;6%;4%;2%;-2%;-1%;-6%;-10%;-11%;-10%;-9%;-9%;-20%;-21%;-19%;-17%;-15%;-15%;-12%;-8%;-6%;-5%;-2%;0%;9%;12%;14%;10%;10%;8%;7%;8%;5%;4%;1%;-3%;-8%;-8%;-15%;-12%;-12%;-12%;-9%;-11%;-7%;-5%;2%;8%;16%;16%;22%;23%;23%;24%;21%;22%;20%;19%;11%;9%;7%;7%;8%;7%;9%;10%;11%;10%;11%;11%;12%;11%;10%;9%;9%;8%;6%;5%;3%;3%;1%;3%;3%;4%;4%;4%;1%;1%;3%;6%;5%;6%;9%;4%;4%;5%;6%;6%;3%;-1%;0%;-6%;-5%;-6%;-11%;-6%;-5%;-9%;-10%;-10%;-3%;5%;3%;12%;16%;16%;20%;15%;11%;15%;15%;13%;9%;5%;5%;-3%;-6%;-7%;-10%;-8%;-6%;-7%;-8%;-8%;-10%;-12%;-13%;-13%;-15%;-16%;-14%;-17%;-20%;-21%;-21%;-22%;-23%;-22%;-22%;-19%;;;;;;;;;;;;;;;;;;;;;;;;;;;;;;;;;;;;;;;;;;;;;;;;;;;;;;;;;;;;;;;;;;;;;;;
70;Haute-Saône;;;;;;;;;;;;;4%;3%;4%;3%;4%;6%;3%;1%;-1%;1%;-1%;-3%;-3%;-1%;-2%;-3%;-1%;-2%;-3%;-3%;-2%;-4%;-1%;0%;0%;1%;-1%;-1%;-1%;-1%;0%;0%;-2%;-1%;-3%;-3%;-3%;-7%;-4%;-5%;-8%;-10%;-9%;-11%;-10%;-11%;-12%;-14%;-15%;-13%;-17%;-18%;-17%;-17%;-18%;-17%;-17%;-15%;-14%;-9%;-8%;-5%;1%;6%;7%;11%;16%;17%;18%;16%;18%;15%;14%;11%;8%;6%;5%;1%;-3%;-3%;-6%;-3%;-6%;-7%;-7%;-7%;-5%;-10%;-11%;-9%;-8%;-7%;-5%;-12%;-12%;-11%;-11%;-10%;-12%;-6%;-3%;-4%;-2%;-2%;-1%;5%;8%;10%;8%;10%;9%;4%;3%;1%;-4%;-4%;-6%;-8%;-11%;-12%;-10%;-10%;-10%;-6%;-5%;-2%;5%;5%;5%;9%;9%;11%;10%;11%;10%;9%;8%;4%;1%;3%;5%;6%;9%;8%;10%;9%;11%;14%;15%;21%;20%;19%;17%;15%;10%;10%;7%;8%;9%;3%;2%;-2%;-2%;-2%;-2%;-3%;0%;2%;1%;1%;-1%;2%;4%;7%;6%;8%;9%;10%;6%;0%;-1%;-1%;-2%;-2%;-3%;-4%;-2%;-3%;-4%;-5%;2%;13%;17%;18%;22%;23%;24%;25%;21%;22%;23%;23%;19%;13%;12%;9%;5%;4%;3%;1%;1%;0%;-1%;-2%;-4%;-6%;-8%;-7%;-8%;-8%;-12%;-11%;-13%;-13%;-14%;-13%;-14%;-13%;-10%;-14%;-12%;;;;;;;;;;;;;;;;;;;;;;;;;;;;;;;;;;;;;;;;;;;;;;;;;;;;;;;;;;;;;;;;;;;;;;;
71;Saône-et-Loire;;;;;;;;;;;;;3%;1%;1%;0%;2%;1%;1%;0%;1%;3%;5%;5%;7%;8%;8%;9%;11%;11%;11%;12%;11%;8%;6%;5%;3%;4%;4%;3%;2%;1%;1%;0%;-1%;-1%;0%;0%;-1%;-3%;-5%;-5%;-8%;-9%;-10%;-11%;-13%;-14%;-17%;-19%;-19%;-22%;-20%;-21%;-21%;-20%;-19%;-18%;-17%;-16%;-12%;-9%;-8%;-2%;-3%;0%;2%;5%;7%;6%;10%;12%;11%;12%;12%;10%;13%;14%;14%;12%;9%;9%;6%;6%;7%;4%;2%;0%;-1%;-5%;-9%;-9%;-8%;-9%;-8%;-14%;-14%;-12%;-10%;-8%;-7%;-5%;-2%;-3%;0%;2%;3%;9%;8%;7%;6%;7%;4%;4%;2%;0%;-2%;-6%;-10%;-10%;-9%;-9%;-10%;-9%;-7%;-5%;-1%;3%;5%;10%;14%;14%;13%;12%;13%;12%;11%;10%;6%;5%;3%;0%;1%;3%;3%;6%;7%;8%;9%;10%;11%;14%;14%;15%;14%;13%;13%;10%;11%;9%;9%;7%;6%;4%;5%;5%;5%;5%;5%;7%;4%;4%;3%;3%;7%;6%;5%;7%;7%;7%;7%;2%;2%;3%;1%;0%;0%;0%;4%;2%;2%;2%;4%;13%;19%;19%;24%;30%;29%;28%;23%;23%;23%;22%;20%;14%;13%;9%;4%;-1%;-5%;-8%;-10%;-13%;-16%;-19%;-22%;-25%;-30%;-30%;-31%;-31%;-30%;-29%;-27%;-27%;-26%;-24%;-23%;-20%;-16%;-17%;-13%;;;;;;;;;;;;;;;;;;;;;;;;;;;;;;;;;;;;;;;;;;;;;;;;;;;;;;;;;;;;;;;;;;;;;;;
72;Sarthe;;;;;;;;;;;;;1%;-1%;-1%;-3%;-3%;-3%;-4%;-4%;-2%;-3%;-2%;-4%;-3%;-1%;-2%;-1%;1%;1%;3%;3%;0%;2%;-1%;2%;2%;1%;3%;4%;3%;1%;1%;1%;3%;1%;3%;0%;-1%;-1%;-4%;-5%;-7%;-8%;-8%;-11%;-14%;-15%;-17%;-18%;-17%;-20%;-20%;-22%;-23%;-23%;-23%;-20%;-18%;-14%;-11%;-8%;-6%;-1%;2%;7%;12%;15%;18%;20%;22%;20%;20%;20%;17%;15%;15%;13%;10%;10%;6%;4%;0%;2%;-1%;-4%;-4%;-7%;-6%;-10%;-13%;-13%;-13%;-13%;-12%;-16%;-16%;-13%;-12%;-9%;-10%;-5%;-2%;-2%;0%;2%;3%;5%;8%;4%;3%;2%;1%;0%;0%;-2%;-4%;-6%;-10%;-8%;-11%;-8%;-5%;-5%;-3%;-3%;-2%;2%;6%;8%;13%;12%;13%;12%;13%;14%;12%;13%;14%;10%;9%;6%;9%;10%;13%;13%;12%;13%;15%;15%;13%;15%;15%;16%;11%;12%;8%;6%;4%;1%;-1%;-3%;-2%;-3%;-3%;-3%;-4%;-5%;-4%;-1%;0%;2%;4%;6%;7%;6%;7%;8%;11%;12%;10%;4%;0%;2%;-2%;-4%;-1%;-2%;0%;-1%;-2%;-1%;2%;12%;20%;19%;26%;32%;28%;28%;23%;24%;24%;22%;20%;14%;11%;9%;3%;-1%;-2%;-3%;-1%;-4%;-5%;-7%;-7%;-9%;-12%;-14%;-14%;-15%;-17%;-17%;-19%;-18%;-19%;-17%;-21%;-19%;-19%;-18%;-16%;;;;;;;;;;;;;;;;;;;;;;;;;;;;;;;;;;;;;;;;;;;;;;;;;;;;;;;;;;;;;;;;;;;;;;;
73;Savoie;;;;;;;;;;;;;-1%;-3%;-5%;-5%;-3%;-3%;-4%;-5%;-6%;-7%;-6%;-5%;-3%;-2%;-3%;-1%;1%;1%;-2%;1%;2%;3%;2%;0%;0%;1%;2%;1%;1%;0%;0%;-1%;-1%;-3%;-2%;-2%;-4%;-6%;-7%;-9%;-11%;-12%;-11%;-13%;-15%;-15%;-18%;-20%;-20%;-21%;-22%;-21%;-21%;-21%;-20%;-17%;-14%;-13%;-8%;-3%;1%;7%;12%;16%;18%;23%;23%;27%;28%;27%;27%;26%;24%;19%;17%;18%;18%;16%;13%;9%;7%;10%;10%;6%;5%;4%;2%;-3%;-6%;-8%;-7%;-7%;-7%;-18%;-19%;-16%;-14%;-13%;-10%;-8%;-5%;-3%;-3%;0%;1%;9%;12%;12%;8%;9%;4%;4%;3%;0%;1%;-3%;-5%;-5%;-7%;-11%;-9%;-6%;-4%;-4%;-2%;3%;3%;8%;10%;10%;11%;13%;13%;10%;9%;9%;8%;4%;5%;0%;1%;2%;3%;5%;5%;8%;11%;12%;13%;13%;13%;12%;11%;11%;10%;12%;9%;7%;3%;2%;0%;3%;2%;7%;10%;5%;4%;2%;6%;7%;11%;10%;13%;9%;9%;7%;7%;9%;7%;8%;2%;2%;-3%;-4%;-6%;-4%;-1%;-1%;-6%;-6%;3%;2%;7%;8%;14%;19%;19%;17%;13%;14%;18%;18%;11%;11%;10%;9%;4%;1%;1%;2%;4%;-1%;-1%;-2%;-3%;-4%;-6%;-7%;-7%;-8%;-11%;-12%;-13%;-13%;-14%;-15%;-15%;-14%;-14%;-16%;-14%;;;;;;;;;;;;;;;;;;;;;;;;;;;;;;;;;;;;;;;;;;;;;;;;;;;;;;;;;;;;;;;;;;;;;;;
74;Haute-Savoie;;;;;;;;;;;;;0%;-3%;-2%;-3%;-2%;-2%;-4%;-3%;-4%;-3%;-3%;-4%;-4%;-2%;-3%;-4%;-2%;-2%;-2%;-3%;-3%;-4%;-4%;-3%;-3%;-3%;-3%;-2%;-3%;-2%;-1%;-2%;-2%;-2%;-2%;-4%;-6%;-7%;-7%;-6%;-9%;-11%;-12%;-14%;-16%;-16%;-18%;-18%;-18%;-18%;-19%;-19%;-18%;-15%;-14%;-11%;-6%;-3%;2%;6%;10%;12%;17%;21%;24%;25%;27%;29%;29%;29%;26%;27%;24%;21%;19%;17%;16%;16%;13%;10%;9%;9%;14%;8%;8%;9%;7%;5%;2%;-2%;-2%;-4%;-7%;-14%;-24%;-20%;-19%;-20%;-18%;-16%;-14%;-11%;-11%;-7%;-4%;3%;13%;10%;6%;6%;4%;3%;2%;-3%;-3%;-5%;-8%;-9%;-13%;-10%;-6%;-3%;-2%;-1%;1%;7%;10%;13%;14%;15%;18%;14%;13%;10%;8%;9%;9%;7%;6%;3%;4%;4%;6%;7%;7%;9%;11%;8%;6%;7%;9%;10%;11%;8%;6%;9%;8%;7%;6%;9%;11%;11%;7%;8%;7%;8%;8%;5%;5%;5%;6%;6%;5%;3%;5%;5%;4%;5%;5%;3%;0%;1%;-2%;-5%;-5%;-4%;-3%;-3%;-3%;-4%;-2%;4%;11%;11%;16%;21%;23%;23%;21%;19%;19%;19%;18%;15%;12%;9%;5%;2%;0%;0%;0%;0%;1%;0%;-2%;-4%;-6%;-7%;-8%;-10%;-11%;-12%;-15%;-17%;-19%;-20%;-21%;-21%;-21%;-22%;-21%;;;;;;;;;;;;;;;;;;;;;;;;;;;;;;;;;;;;;;;;;;;;;;;;;;;;;;;;;;;;;;;;;;;;;;;
75;Paris;;;;;;;;;;;;;6%;5%;3%;5%;4%;2%;2%;2%;2%;1%;-1%;-1%;-1%;-1%;-3%;-4%;-3%;-3%;-4%;-4%;-5%;-6%;-5%;-5%;-4%;-4%;-2%;-3%;-3%;-3%;-2%;-3%;-2%;-4%;-4%;-5%;-6%;-8%;-10%;-10%;-12%;-14%;-14%;-16%;-18%;-18%;-21%;-22%;-23%;-24%;-23%;-23%;-21%;-18%;-17%;-14%;-10%;-4%;3%;8%;13%;18%;22%;25%;25%;26%;26%;26%;24%;19%;15%;14%;12%;8%;6%;5%;5%;3%;0%;-2%;-3%;5%;4%;0%;-2%;-3%;-3%;-6%;-10%;-10%;-9%;-10%;-12%;-28%;-28%;-25%;-23%;-21%;-21%;-19%;-15%;-14%;-13%;-8%;-5%;9%;11%;9%;8%;9%;8%;10%;12%;9%;8%;2%;-1%;-1%;-3%;-2%;-1%;-1%;1%;1%;-2%;3%;5%;11%;18%;17%;17%;17%;17%;17%;15%;14%;15%;11%;8%;4%;-2%;0%;3%;4%;4%;5%;6%;5%;5%;7%;7%;7%;11%;8%;4%;3%;2%;0%;0%;-2%;-2%;-2%;-2%;-2%;-3%;-3%;-1%;-1%;0%;1%;1%;2%;3%;2%;2%;3%;3%;3%;1%;-4%;-7%;-7%;-10%;-13%;-15%;-16%;-17%;-18%;-18%;-20%;-17%;-10%;-4%;-4%;1%;7%;10%;13%;14%;16%;17%;19%;18%;15%;13%;14%;12%;9%;8%;8%;7%;6%;6%;6%;4%;2%;-1%;-3%;-4%;-7%;-10%;-11%;-13%;-15%;-15%;-16%;-17%;-17%;-16%;-16%;-14%;;;;;;;;;;;;;;;;;;;;;;;;;;;;;;;;;;;;;;;;;;;;;;;;;;;;;;;;;;;;;;;;;;;;;;;
76;Seine-Maritime;;;;;;;;;;;;;0%;0%;-1%;0%;-2%;-2%;-3%;-4%;-2%;-2%;-1%;-3%;-2%;1%;1%;0%;3%;3%;4%;5%;3%;2%;2%;2%;1%;1%;0%;-1%;0%;0%;-1%;-2%;-2%;-1%;0%;-1%;-1%;-2%;-3%;-2%;-5%;-8%;-7%;-9%;-11%;-14%;-16%;-18%;-20%;-21%;-21%;-22%;-22%;-20%;-20%;-19%;-16%;-10%;-6%;-2%;2%;7%;10%;14%;18%;19%;21%;24%;26%;21%;19%;19%;18%;15%;15%;14%;13%;11%;8%;4%;0%;5%;4%;1%;-1%;-4%;-4%;-9%;-11%;-11%;-11%;-10%;-9%;-19%;-19%;-17%;-16%;-14%;-14%;-11%;-8%;-8%;-8%;-6%;-4%;4%;6%;6%;5%;10%;6%;6%;5%;3%;3%;-1%;-3%;-3%;-6%;-5%;-5%;-10%;-4%;-2%;0%;5%;7%;12%;13%;13%;15%;13%;15%;18%;13%;12%;10%;5%;3%;1%;4%;4%;4%;6%;7%;7%;10%;11%;11%;15%;15%;14%;14%;13%;11%;9%;6%;4%;2%;1%;0%;-1%;-1%;0%;-1%;0%;1%;2%;3%;4%;6%;7%;9%;9%;10%;12%;11%;11%;11%;7%;4%;5%;3%;-2%;-1%;-1%;-1%;-3%;-2%;-2%;-2%;5%;11%;8%;14%;20%;18%;17%;13%;12%;12%;11%;11%;6%;5%;3%;-2%;-4%;-6%;-5%;-1%;-4%;-3%;-4%;-5%;-6%;-10%;-8%;-8%;-11%;-11%;-13%;-17%;-17%;-18%;-19%;-20%;-20%;-18%;-20%;-19%;;;;;;;;;;;;;;;;;;;;;;;;;;;;;;;;;;;;;;;;;;;;;;;;;;;;;;;;;;;;;;;;;;;;;;;
77;Seine-et-Marne;;;;;;;;;;;;;1%;0%;-2%;0%;1%;2%;2%;1%;2%;4%;2%;3%;4%;5%;5%;3%;3%;0%;-2%;-2%;-3%;-5%;-4%;-5%;-6%;-6%;-6%;-7%;-6%;-5%;-4%;-5%;-4%;-4%;-3%;-4%;-4%;-5%;-7%;-6%;-8%;-10%;-10%;-13%;-15%;-15%;-19%;-20%;-21%;-23%;-22%;-23%;-22%;-19%;-19%;-15%;-11%;-7%;-1%;4%;8%;13%;17%;22%;24%;25%;28%;28%;26%;22%;19%;18%;17%;14%;13%;11%;10%;9%;4%;1%;0%;0%;1%;-3%;-5%;-8%;-9%;-14%;-17%;-17%;-16%;-16%;-15%;-19%;-20%;-18%;-15%;-12%;-11%;-7%;-4%;-3%;-2%;1%;2%;7%;11%;8%;8%;8%;5%;6%;5%;3%;2%;-3%;-7%;-6%;-7%;-4%;-4%;-3%;0%;1%;4%;7%;9%;19%;22%;22%;19%;17%;18%;16%;13%;13%;11%;10%;7%;4%;3%;3%;7%;9%;9%;10%;13%;14%;13%;14%;14%;12%;13%;12%;9%;7%;4%;2%;0%;-3%;-3%;-3%;-3%;-2%;-3%;-2%;-2%;-1%;0%;1%;4%;5%;6%;6%;6%;8%;8%;8%;9%;3%;1%;2%;-2%;-5%;-6%;-7%;-6%;-6%;-6%;-7%;-6%;4%;11%;8%;15%;22%;24%;24%;20%;18%;18%;18%;18%;11%;7%;7%;1%;-3%;-5%;-6%;-6%;-7%;-8%;-10%;-12%;-13%;-15%;-17%;-16%;-19%;-21%;-21%;-23%;-24%;-25%;-25%;-25%;-25%;-25%;-25%;-25%;;;;;;;;;;;;;;;;;;;;;;;;;;;;;;;;;;;;;;;;;;;;;;;;;;;;;;;;;;;;;;;;;;;;;;;
78;Yvelines;;;;;;;;;;;;;4%;3%;2%;3%;4%;3%;1%;1%;-1%;0%;-2%;-1%;-1%;0%;0%;-3%;-2%;-2%;-2%;-3%;-2%;-4%;-3%;-4%;-5%;-4%;-5%;-5%;-5%;-5%;-5%;-4%;-5%;-5%;-4%;-5%;-6%;-7%;-7%;-7%;-11%;-13%;-14%;-17%;-20%;-21%;-24%;-25%;-26%;-29%;-28%;-29%;-27%;-23%;-20%;-17%;-11%;-4%;4%;11%;18%;27%;32%;39%;43%;44%;42%;44%;42%;34%;28%;26%;21%;14%;13%;10%;8%;4%;1%;-3%;-6%;-3%;-3%;-6%;-8%;-9%;-11%;-16%;-19%;-17%;-16%;-16%;-15%;-22%;-22%;-20%;-17%;-16%;-14%;-10%;-7%;-7%;-6%;-2%;-1%;5%;6%;5%;5%;5%;3%;2%;2%;1%;0%;-4%;-6%;-6%;-6%;-5%;-5%;-4%;-1%;1%;3%;5%;8%;13%;15%;18%;18%;16%;18%;17%;15%;16%;14%;13%;11%;7%;10%;6%;9%;10%;10%;13%;13%;13%;11%;12%;11%;12%;10%;11%;7%;6%;4%;0%;-1%;-2%;-2%;-2%;-2%;-2%;-2%;-1%;0%;1%;1%;3%;4%;5%;8%;6%;7%;9%;9%;7%;4%;1%;-1%;1%;-3%;-7%;-9%;-10%;-9%;-8%;-9%;-7%;-1%;1%;7%;5%;11%;21%;24%;23%;19%;17%;17%;16%;12%;13%;9%;8%;4%;-3%;-5%;-6%;-5%;-6%;-7%;-8%;-10%;-13%;-14%;-15%;-18%;-19%;-21%;-22%;-24%;-25%;-25%;-26%;-26%;-26%;-25%;-25%;-23%;;;;;;;;;;;;;;;;;;;;;;;;;;;;;;;;;;;;;;;;;;;;;;;;;;;;;;;;;;;;;;;;;;;;;;;
79;Deux-Sèvres;;;;;;;;;;;;;4%;2%;0%;1%;3%;0%;-1%;1%;2%;3%;2%;2%;2%;4%;5%;2%;2%;3%;1%;1%;1%;-1%;0%;0%;-2%;-2%;-2%;-1%;-1%;-1%;1%;0%;1%;0%;0%;-1%;-1%;-2%;-3%;-4%;-7%;-10%;-8%;-11%;-14%;-14%;-17%;-18%;-18%;-21%;-21%;-23%;-23%;-21%;-22%;-20%;-18%;-15%;-13%;-10%;-9%;-4%;0%;5%;9%;10%;14%;16%;20%;20%;21%;23%;23%;19%;18%;16%;14%;13%;7%;5%;0%;-2%;-3%;-6%;-8%;-10%;-11%;-15%;-18%;-17%;-16%;-14%;-13%;-18%;-17%;-15%;-13%;-9%;-7%;-3%;1%;1%;3%;3%;5%;10%;11%;9%;7%;6%;4%;2%;1%;0%;-2%;-6%;-8%;-6%;-9%;-7%;-6%;-6%;-6%;-3%;-2%;-1%;2%;11%;10%;9%;12%;10%;11%;12%;13%;12%;10%;9%;8%;4%;5%;5%;7%;7%;8%;7%;9%;8%;9%;12%;10%;12%;12%;12%;9%;11%;9%;8%;5%;6%;5%;4%;5%;4%;2%;4%;4%;3%;4%;6%;7%;8%;8%;7%;8%;9%;10%;10%;9%;4%;-2%;-1%;-1%;-4%;-2%;-1%;0%;1%;1%;1%;4%;15%;25%;27%;27%;34%;32%;29%;28%;25%;25%;24%;22%;15%;10%;7%;6%;2%;1%;0%;-1%;-2%;-4%;-5%;-7%;-9%;-10%;-11%;-12%;-15%;-17%;-16%;-17%;-19%;-19%;-19%;-20%;-18%;-18%;-19%;-19%;;;;;;;;;;;;;;;;;;;;;;;;;;;;;;;;;;;;;;;;;;;;;;;;;;;;;;;;;;;;;;;;;;;;;;;
80;Somme;;;;;;;;;;;;;2%;2%;3%;1%;1%;2%;2%;2%;3%;2%;3%;2%;4%;4%;1%;1%;2%;2%;0%;-1%;-2%;-4%;-6%;-6%;-7%;-6%;-4%;-4%;-4%;-5%;-5%;-3%;-3%;-3%;-2%;-2%;-1%;-2%;-3%;-2%;-6%;-6%;-5%;-10%;-10%;-10%;-13%;-14%;-15%;-16%;-18%;-19%;-20%;-19%;-19%;-15%;-14%;-10%;-8%;-5%;-2%;1%;5%;9%;13%;15%;16%;15%;18%;14%;15%;17%;15%;13%;12%;11%;10%;8%;7%;7%;4%;8%;6%;1%;0%;-3%;-2%;-6%;-8%;-8%;-9%;-10%;-9%;-18%;-18%;-16%;-14%;-13%;-12%;-10%;-8%;-7%;-5%;-4%;-4%;3%;6%;5%;4%;6%;3%;3%;3%;1%;-1%;-2%;-4%;-5%;-9%;-6%;-6%;-6%;-4%;-2%;-2%;1%;5%;7%;10%;12%;15%;13%;16%;16%;14%;14%;15%;14%;12%;9%;10%;10%;10%;10%;10%;9%;10%;9%;9%;10%;9%;10%;9%;9%;7%;7%;4%;3%;2%;1%;0%;0%;0%;-1%;-2%;-1%;0%;-1%;1%;2%;5%;6%;7%;6%;6%;7%;8%;7%;6%;3%;-1%;0%;-4%;-6%;-7%;-5%;-3%;-1%;0%;1%;3%;10%;18%;17%;23%;30%;31%;28%;24%;22%;20%;17%;17%;11%;7%;5%;1%;-2%;-6%;-6%;-6%;-7%;-7%;-7%;-10%;-10%;-12%;-13%;-14%;-17%;-17%;-17%;-18%;-21%;-21%;-21%;-20%;-20%;-19%;-19%;-17%;;;;;;;;;;;;;;;;;;;;;;;;;;;;;;;;;;;;;;;;;;;;;;;;;;;;;;;;;;;;;;;;;;;;;;;
81;Tarn;;;;;;;;;;;;;0%;-2%;-1%;-2%;-4%;-6%;-4%;-4%;-4%;-1%;-3%;-5%;-2%;-1%;-1%;-2%;1%;1%;1%;3%;0%;0%;0%;0%;0%;0%;-1%;1%;-1%;-2%;-2%;-4%;0%;-3%;-2%;-2%;-3%;-4%;-5%;-6%;-7%;-8%;-7%;-9%;-13%;-14%;-18%;-18%;-19%;-22%;-21%;-22%;-23%;-23%;-25%;-23%;-21%;-18%;-13%;-10%;-8%;-2%;1%;5%;12%;18%;23%;27%;27%;27%;27%;28%;28%;25%;26%;24%;20%;17%;15%;11%;10%;13%;12%;8%;5%;3%;0%;-4%;-7%;-8%;-9%;-9%;-10%;-20%;-20%;-18%;-17%;-15%;-13%;-11%;-9%;-9%;-7%;-5%;-4%;4%;8%;5%;4%;5%;3%;2%;3%;1%;1%;-3%;-6%;-7%;-13%;-10%;-8%;-8%;-9%;-5%;-6%;-3%;-1%;4%;7%;10%;12%;13%;14%;15%;15%;15%;15%;15%;13%;8%;10%;10%;14%;13%;12%;13%;14%;13%;12%;15%;16%;18%;17%;14%;10%;11%;7%;4%;5%;4%;4%;1%;0%;-1%;-3%;0%;1%;1%;4%;6%;5%;5%;5%;5%;7%;7%;10%;7%;9%;5%;2%;2%;-1%;-1%;-1%;-1%;-1%;1%;0%;1%;-1%;5%;12%;12%;16%;22%;24%;25%;22%;19%;19%;19%;20%;15%;12%;9%;7%;4%;0%;-1%;-2%;-2%;-3%;-4%;-5%;-5%;-8%;-8%;-11%;-14%;-13%;-14%;-15%;-18%;-18%;-19%;-20%;-21%;-22%;-22%;-20%;;;;;;;;;;;;;;;;;;;;;;;;;;;;;;;;;;;;;;;;;;;;;;;;;;;;;;;;;;;;;;;;;;;;;;;
82;Tarn-et-Garonne;;;;;;;;;;;;;-1%;-2%;-7%;-6%;-7%;-9%;-10%;-7%;-7%;-7%;-6%;-6%;-6%;-4%;-2%;0%;4%;4%;5%;4%;3%;2%;0%;1%;3%;5%;5%;3%;1%;1%;-1%;-1%;0%;-1%;2%;0%;-2%;-6%;-6%;-7%;-9%;-12%;-10%;-13%;-16%;-16%;-20%;-20%;-21%;-22%;-23%;-24%;-25%;-23%;-25%;-21%;-19%;-15%;-11%;-9%;-6%;-1%;5%;10%;17%;19%;24%;23%;26%;23%;23%;26%;25%;23%;21%;19%;15%;17%;13%;11%;8%;11%;11%;6%;4%;3%;0%;-4%;-6%;-9%;-9%;-9%;-8%;-16%;-17%;-14%;-12%;-12%;-10%;-8%;-5%;-3%;-4%;-2%;-2%;3%;6%;3%;2%;3%;2%;3%;1%;-1%;1%;-2%;-4%;-2%;-7%;-5%;-3%;-4%;-4%;-3%;-1%;1%;2%;6%;8%;8%;10%;10%;11%;12%;11%;11%;11%;10%;8%;7%;8%;8%;9%;11%;11%;10%;14%;14%;11%;12%;13%;11%;12%;10%;8%;6%;2%;2%;-1%;-2%;-1%;-1%;-2%;-1%;-2%;0%;1%;2%;4%;7%;9%;11%;12%;13%;13%;14%;14%;15%;16%;12%;9%;5%;4%;-2%;-2%;-4%;-2%;-2%;-4%;-5%;-5%;1%;7%;11%;14%;21%;23%;23%;21%;21%;23%;23%;23%;19%;15%;13%;8%;6%;2%;2%;3%;1%;0%;-1%;-5%;-6%;-8%;-10%;-10%;-13%;-14%;-16%;-19%;-20%;-21%;-22%;-22%;-23%;-23%;-23%;-23%;;;;;;;;;;;;;;;;;;;;;;;;;;;;;;;;;;;;;;;;;;;;;;;;;;;;;;;;;;;;;;;;;;;;;;;
83;Var;;;;;;;;;;;;;-6%;-6%;-6%;-5%;-4%;-3%;-4%;-2%;-1%;-1%;0%;0%;1%;3%;2%;1%;2%;2%;1%;1%;0%;-3%;-2%;-3%;-3%;-4%;-3%;-4%;-4%;-5%;-4%;-5%;-5%;-4%;-4%;-4%;-5%;-6%;-7%;-7%;-9%;-10%;-10%;-12%;-13%;-14%;-17%;-19%;-19%;-20%;-19%;-20%;-18%;-16%;-16%;-13%;-12%;-5%;-1%;4%;7%;13%;15%;19%;20%;22%;25%;25%;26%;21%;20%;19%;18%;15%;14%;12%;12%;11%;6%;4%;2%;5%;9%;5%;3%;2%;0%;-4%;-7%;-7%;-5%;-6%;-5%;-16%;-23%;-21%;-19%;-18%;-16%;-13%;-10%;-9%;-9%;-6%;-5%;4%;14%;11%;9%;9%;6%;5%;3%;2%;1%;-4%;-9%;-9%;-13%;-9%;-7%;-6%;-6%;-4%;0%;-1%;2%;10%;17%;17%;16%;13%;14%;14%;15%;15%;14%;14%;13%;8%;7%;7%;10%;11%;12%;13%;14%;14%;12%;15%;16%;16%;17%;16%;14%;15%;11%;9%;7%;4%;4%;5%;3%;5%;1%;1%;2%;2%;4%;5%;6%;7%;8%;6%;7%;7%;9%;11%;11%;5%;1%;1%;-1%;-3%;-3%;-4%;-3%;-3%;-4%;-4%;-6%;5%;14%;15%;19%;25%;27%;30%;26%;25%;26%;24%;29%;21%;16%;14%;10%;5%;3%;1%;0%;-1%;-2%;-2%;-8%;-9%;-13%;-14%;-14%;-16%;-19%;-19%;-20%;-22%;-23%;-23%;-24%;-23%;-22%;-22%;-22%;;;;;;;;;;;;;;;;;;;;;;;;;;;;;;;;;;;;;;;;;;;;;;;;;;;;;;;;;;;;;;;;;;;;;;;
84;Vaucluse;;;;;;;;;;;;;-3%;-3%;-3%;-5%;-3%;-3%;-3%;-1%;-2%;-1%;0%;1%;1%;3%;2%;3%;4%;4%;2%;1%;3%;0%;1%;0%;1%;2%;3%;2%;2%;1%;3%;2%;0%;1%;1%;1%;0%;-2%;-4%;-5%;-6%;-8%;-9%;-10%;-11%;-12%;-15%;-17%;-18%;-19%;-18%;-18%;-18%;-15%;-15%;-12%;-11%;-6%;-2%;4%;6%;10%;12%;15%;18%;19%;22%;22%;23%;20%;19%;19%;17%;16%;16%;14%;12%;12%;8%;6%;4%;9%;7%;2%;2%;-2%;-2%;-4%;-6%;-7%;-6%;-6%;-7%;-18%;-17%;-13%;-12%;-10%;-9%;-7%;-7%;-8%;-6%;-2%;0%;9%;10%;7%;5%;6%;4%;3%;3%;4%;1%;-4%;-6%;-6%;-9%;-6%;-6%;-5%;-5%;-3%;0%;0%;4%;10%;10%;11%;13%;12%;16%;15%;15%;15%;14%;14%;11%;8%;9%;11%;12%;10%;10%;9%;12%;13%;11%;12%;12%;13%;14%;11%;9%;9%;6%;7%;4%;1%;2%;2%;2%;1%;1%;3%;5%;7%;7%;5%;6%;7%;8%;7%;7%;7%;6%;6%;5%;-3%;-5%;-1%;-5%;-5%;-7%;-7%;-6%;-3%;-3%;-2%;-2%;10%;16%;14%;20%;25%;28%;29%;28%;22%;23%;21%;20%;13%;12%;11%;6%;3%;0%;-1%;-1%;-1%;-2%;-3%;-5%;-7%;-11%;-12%;-13%;-15%;-16%;-18%;-20%;-22%;-23%;-22%;-23%;-22%;-21%;-22%;-20%;;;;;;;;;;;;;;;;;;;;;;;;;;;;;;;;;;;;;;;;;;;;;;;;;;;;;;;;;;;;;;;;;;;;;;;
85;Vendée;;;;;;;;;;;;;1%;-1%;-2%;-2%;-2%;-2%;-4%;-2%;0%;2%;2%;2%;3%;5%;5%;5%;8%;6%;7%;7%;4%;2%;1%;1%;-1%;-1%;-2%;-2%;-3%;-3%;-2%;-4%;-3%;-3%;-3%;-4%;-4%;-5%;-6%;-7%;-7%;-9%;-10%;-11%;-14%;-14%;-17%;-18%;-19%;-19%;-19%;-21%;-22%;-21%;-21%;-19%;-15%;-12%;-7%;-5%;-1%;3%;6%;12%;13%;17%;20%;22%;24%;23%;23%;23%;23%;20%;19%;18%;21%;19%;15%;11%;7%;8%;6%;3%;0%;-2%;-2%;-6%;-11%;-12%;-11%;-11%;-10%;-18%;-18%;-16%;-14%;-11%;-12%;-9%;-7%;-7%;-6%;-3%;-1%;5%;5%;6%;3%;1%;1%;0%;1%;1%;0%;-3%;-7%;-7%;-6%;-9%;-5%;-3%;-1%;1%;2%;4%;7%;11%;15%;15%;14%;16%;16%;16%;14%;14%;14%;12%;10%;8%;9%;10%;13%;15%;15%;15%;18%;17%;16%;19%;20%;20%;18%;18%;15%;14%;12%;9%;7%;5%;5%;3%;2%;1%;0%;0%;-1%;0%;1%;3%;5%;6%;7%;8%;9%;12%;13%;13%;13%;6%;4%;5%;1%;0%;-2%;-3%;-3%;-4%;-4%;-4%;-4%;8%;14%;10%;16%;19%;22%;22%;20%;18%;18%;17%;18%;9%;7%;7%;2%;-2%;-5%;-6%;-7%;-8%;-9%;-10%;-13%;-13%;-17%;-17%;-17%;-18%;-19%;-18%;-19%;-20%;-20%;-19%;-20%;-19%;-17%;-19%;-17%;;;;;;;;;;;;;;;;;;;;;;;;;;;;;;;;;;;;;;;;;;;;;;;;;;;;;;;;;;;;;;;;;;;;;;;
86;Vienne;;;;;;;;;;;;;5%;5%;5%;3%;3%;2%;1%;1%;2%;2%;3%;3%;2%;3%;0%;0%;0%;3%;4%;5%;4%;1%;0%;-1%;-3%;-2%;-1%;-3%;-2%;-3%;-4%;-5%;-5%;-3%;-3%;-2%;-2%;-2%;-4%;-3%;-4%;-7%;-7%;-10%;-11%;-13%;-15%;-18%;-20%;-22%;-22%;-22%;-24%;-22%;-21%;-18%;-17%;-13%;-11%;-6%;-2%;3%;6%;9%;15%;18%;19%;22%;26%;20%;23%;23%;21%;19%;19%;18%;15%;11%;8%;4%;1%;4%;2%;1%;-1%;-3%;-3%;-7%;-7%;-5%;-4%;-4%;-5%;-9%;-10%;-11%;-8%;-7%;-7%;-5%;-5%;-5%;-5%;-3%;0%;3%;4%;4%;2%;3%;0%;0%;1%;-2%;-1%;-8%;-12%;-13%;-11%;-9%;-9%;-9%;-7%;-4%;-4%;-1%;1%;12%;16%;15%;11%;8%;10%;9%;8%;5%;6%;5%;3%;0%;2%;4%;7%;11%;10%;12%;15%;17%;16%;17%;17%;15%;12%;10%;9%;6%;7%;4%;1%;0%;-2%;-2%;-2%;-4%;-3%;-2%;-2%;0%;-2%;2%;3%;4%;8%;7%;8%;13%;12%;13%;12%;6%;3%;1%;-1%;-3%;-4%;-3%;-2%;-2%;-1%;-3%;1%;10%;18%;21%;24%;29%;28%;28%;25%;23%;22%;23%;22%;15%;12%;8%;5%;2%;1%;-1%;-2%;-4%;-4%;-5%;-8%;-8%;-11%;-11%;-11%;-13%;-15%;-15%;-15%;-16%;-17%;-16%;-18%;-17%;-16%;-18%;-17%;;;;;;;;;;;;;;;;;;;;;;;;;;;;;;;;;;;;;;;;;;;;;;;;;;;;;;;;;;;;;;;;;;;;;;;
87;Haute-Vienne;;;;;;;;;;;;;9%;7%;4%;4%;6%;3%;1%;3%;3%;2%;1%;-1%;1%;3%;4%;3%;4%;6%;5%;4%;3%;1%;2%;1%;-1%;0%;-2%;-2%;-3%;-3%;-4%;-3%;-2%;-2%;0%;1%;1%;-1%;-1%;-1%;-3%;-6%;-5%;-9%;-12%;-13%;-18%;-20%;-22%;-22%;-23%;-24%;-23%;-21%;-22%;-19%;-17%;-13%;-8%;-5%;-1%;1%;3%;7%;9%;11%;15%;15%;20%;18%;16%;18%;16%;16%;17%;15%;15%;15%;12%;12%;7%;9%;8%;6%;4%;1%;-1%;-4%;-7%;-10%;-12%;-12%;-10%;-18%;-18%;-17%;-15%;-14%;-12%;-11%;-9%;-7%;-4%;-3%;-3%;3%;4%;6%;3%;4%;1%;2%;1%;-1%;-2%;-5%;-6%;-5%;-5%;-9%;-6%;-6%;-3%;-1%;1%;3%;5%;11%;12%;11%;11%;13%;12%;12%;11%;9%;9%;10%;8%;4%;5%;5%;6%;8%;8%;9%;9%;13%;12%;13%;13%;13%;14%;14%;12%;10%;9%;6%;7%;2%;1%;0%;1%;2%;1%;0%;0%;2%;2%;4%;3%;7%;6%;6%;5%;6%;7%;6%;9%;2%;-2%;0%;-3%;-6%;-5%;-3%;-2%;-2%;-1%;-2%;-2%;9%;16%;15%;21%;27%;28%;27%;23%;22%;22%;24%;23%;16%;14%;12%;7%;2%;1%;-1%;-1%;-4%;-5%;-7%;-9%;-10%;-12%;-13%;-12%;-12%;-15%;-15%;-15%;-15%;-16%;-15%;-16%;-15%;-15%;-17%;-17%;;;;;;;;;;;;;;;;;;;;;;;;;;;;;;;;;;;;;;;;;;;;;;;;;;;;;;;;;;;;;;;;;;;;;;;
88;Vosges;;;;;;;;;;;;;5%;4%;2%;3%;4%;6%;5%;6%;6%;6%;5%;5%;5%;5%;5%;4%;5%;3%;2%;1%;-1%;-1%;-1%;-1%;-1%;0%;1%;1%;0%;0%;-1%;-1%;1%;-1%;1%;-1%;-1%;-1%;-4%;-3%;-4%;-6%;-4%;-6%;-10%;-10%;-15%;-15%;-16%;-19%;-20%;-22%;-22%;-22%;-23%;-21%;-18%;-17%;-13%;-10%;-7%;-3%;0%;5%;6%;11%;13%;12%;12%;13%;15%;14%;12%;10%;10%;10%;10%;8%;4%;6%;4%;6%;3%;0%;0%;-1%;-2%;-7%;-9%;-11%;-10%;-11%;-10%;-16%;-16%;-13%;-13%;-11%;-12%;-8%;-6%;-5%;-4%;-2%;-3%;2%;5%;3%;4%;4%;4%;2%;2%;0%;-2%;-4%;-6%;-6%;-8%;-7%;-7%;-7%;-6%;-4%;-3%;2%;4%;8%;13%;13%;12%;12%;13%;13%;12%;12%;11%;8%;6%;3%;3%;3%;6%;7%;7%;9%;11%;9%;9%;13%;15%;16%;13%;13%;10%;9%;9%;5%;4%;4%;3%;1%;0%;1%;2%;3%;5%;5%;4%;6%;7%;7%;9%;9%;10%;11%;11%;10%;8%;3%;0%;0%;-3%;-4%;-5%;-6%;-5%;-7%;-7%;-7%;-4%;6%;13%;15%;20%;22%;21%;23%;22%;23%;24%;21%;20%;12%;10%;9%;4%;4%;4%;1%;0%;-1%;-2%;-3%;-6%;-5%;-8%;-11%;-11%;-15%;-16%;-14%;-14%;-16%;-15%;-15%;-16%;-15%;-14%;-14%;-14%;;;;;;;;;;;;;;;;;;;;;;;;;;;;;;;;;;;;;;;;;;;;;;;;;;;;;;;;;;;;;;;;;;;;;;;
89;Yonne;;;;;;;;;;;;;0%;0%;0%;1%;1%;1%;1%;2%;3%;3%;3%;3%;5%;6%;4%;1%;3%;4%;3%;3%;2%;0%;-1%;-2%;-2%;-3%;-2%;-1%;-1%;-2%;-3%;-3%;-2%;-1%;-2%;-1%;-2%;-3%;-4%;-5%;-8%;-9%;-9%;-11%;-13%;-15%;-17%;-18%;-20%;-21%;-21%;-21%;-21%;-18%;-19%;-19%;-16%;-13%;-8%;-6%;-4%;1%;4%;6%;9%;8%;10%;14%;14%;13%;10%;11%;11%;9%;5%;7%;6%;8%;6%;2%;1%;1%;2%;0%;-1%;-1%;1%;-6%;-8%;-11%;-11%;-10%;-9%;-14%;-15%;-14%;-14%;-14%;-14%;-11%;-9%;-9%;-8%;-6%;-4%;1%;4%;3%;4%;4%;3%;4%;5%;4%;4%;-4%;-7%;-6%;-8%;-6%;-6%;-5%;-4%;-3%;-4%;-2%;-1%;13%;15%;11%;10%;8%;9%;8%;5%;5%;6%;5%;5%;-3%;-1%;1%;5%;5%;5%;5%;8%;8%;7%;10%;10%;11%;8%;9%;5%;5%;4%;3%;3%;3%;2%;0%;0%;0%;2%;1%;2%;2%;3%;5%;6%;5%;7%;8%;8%;10%;9%;10%;12%;6%;2%;3%;-2%;-2%;-1%;-2%;0%;1%;1%;1%;1%;12%;21%;22%;30%;34%;35%;33%;30%;26%;23%;21%;21%;13%;8%;4%;-2%;-4%;-9%;-8%;-9%;-10%;-9%;-9%;-11%;-11%;-13%;-13%;-12%;-13%;-12%;-12%;-12%;-14%;-14%;-15%;-16%;-15%;-14%;-15%;-16%;;;;;;;;;;;;;;;;;;;;;;;;;;;;;;;;;;;;;;;;;;;;;;;;;;;;;;;;;;;;;;;;;;;;;;;
90;Territoire-de-Belfort;;;;;;;;;;;;;9%;4%;5%;7%;3%;5%;5%;6%;7%;5%;5%;7%;3%;9%;4%;1%;4%;3%;4%;0%;-1%;-3%;0%;-2%;2%;1%;4%;7%;2%;1%;-1%;-1%;-3%;-4%;-5%;-5%;-7%;-11%;-10%;-13%;-11%;-11%;-9%;-10%;-8%;-6%;-12%;-14%;-16%;-16%;-19%;-18%;-19%;-21%;-20%;-16%;-17%;-14%;-8%;-5%;0%;3%;7%;12%;14%;18%;17%;16%;20%;16%;14%;16%;11%;11%;10%;5%;6%;6%;5%;2%;1%;4%;5%;1%;1%;-3%;0%;1%;-3%;-6%;-7%;-7%;-7%;-13%;-14%;-10%;-10%;-9%;-10%;-11%;-8%;-6%;-3%;-3%;-4%;1%;5%;1%;0%;4%;1%;3%;4%;1%;-1%;0%;2%;-4%;-6%;-3%;-1%;-2%;-1%;-2%;-2%;1%;7%;7%;6%;15%;11%;12%;10%;10%;10%;13%;12%;10%;6%;7%;5%;3%;6%;5%;3%;5%;6%;3%;3%;6%;5%;3%;10%;10%;9%;8%;10%;8%;9%;10%;12%;7%;9%;10%;4%;3%;2%;5%;4%;5%;1%;1%;-2%;1%;-2%;1%;1%;-1%;-1%;-10%;-12%;-10%;-10%;-11%;-5%;-8%;-4%;-5%;-5%;-2%;2%;14%;21%;18%;25%;28%;21%;21%;18%;14%;14%;13%;11%;6%;3%;4%;-3%;-5%;-4%;-2%;-2%;0%;-2%;-4%;-6%;-8%;-11%;-12%;-12%;-13%;-14%;-16%;-17%;-18%;-20%;-20%;-19%;-16%;-13%;-15%;-13%;;;;;;;;;;;;;;;;;;;;;;;;;;;;;;;;;;;;;;;;;;;;;;;;;;;;;;;;;;;;;;;;;;;;;;;
91;Essonne;;;;;;;;;;;;;-4%;-6%;-6%;-6%;-5%;-3%;-2%;-2%;-2%;1%;0%;1%;1%;2%;3%;2%;2%;0%;-1%;-2%;-1%;-5%;-3%;-5%;-5%;-4%;-5%;-6%;-6%;-5%;-4%;-4%;-5%;-4%;-4%;-4%;-5%;-4%;-6%;-5%;-8%;-11%;-11%;-12%;-15%;-17%;-20%;-21%;-22%;-24%;-24%;-25%;-24%;-20%;-18%;-15%;-11%;-5%;1%;6%;11%;17%;24%;28%;31%;31%;30%;31%;32%;27%;24%;24%;20%;16%;12%;11%;9%;7%;4%;0%;-3%;-3%;-3%;-8%;-8%;-10%;-10%;-14%;-18%;-17%;-16%;-16%;-16%;-21%;-23%;-19%;-19%;-17%;-15%;-11%;-6%;-6%;-5%;-2%;0%;6%;12%;8%;9%;9%;5%;4%;3%;2%;1%;-3%;-7%;-7%;-11%;-7%;-8%;-5%;-1%;2%;4%;7%;10%;17%;23%;25%;27%;24%;26%;22%;18%;15%;15%;10%;9%;4%;2%;0%;3%;2%;3%;5%;8%;11%;10%;14%;14%;14%;14%;15%;11%;10%;7%;6%;3%;-2%;-3%;-4%;-4%;-3%;-4%;-4%;-3%;-1%;0%;2%;5%;8%;10%;10%;10%;11%;12%;12%;9%;5%;1%;2%;-2%;-7%;-7%;-8%;-7%;-8%;-9%;-9%;-5%;-1%;6%;5%;10%;19%;19%;18%;14%;12%;15%;16%;13%;10%;7%;7%;1%;-2%;-4%;-4%;-1%;-1%;-6%;-8%;-9%;-10%;-13%;-15%;-12%;-19%;-20%;-21%;-24%;-27%;-25%;-25%;-26%;-26%;-25%;-26%;-25%;;;;;;;;;;;;;;;;;;;;;;;;;;;;;;;;;;;;;;;;;;;;;;;;;;;;;;;;;;;;;;;;;;;;;;;
92;Hauts-de-Seine;;;;;;;;;;;;;3%;1%;-1%;0%;0%;0%;0%;0%;0%;0%;-1%;0%;1%;3%;3%;2%;3%;2%;2%;2%;1%;0%;1%;0%;0%;0%;-1%;-1%;-2%;-1%;-1%;-2%;-2%;-4%;-3%;-4%;-6%;-7%;-8%;-8%;-9%;-13%;-13%;-15%;-17%;-17%;-21%;-22%;-23%;-25%;-24%;-25%;-25%;-22%;-20%;-16%;-10%;-3%;5%;11%;17%;24%;30%;36%;41%;42%;41%;40%;36%;29%;23%;20%;16%;12%;9%;5%;2%;-1%;-3%;-6%;-8%;-5%;-3%;-7%;-8%;-9%;-9%;-12%;-14%;-14%;-13%;-12%;-11%;-20%;-20%;-17%;-15%;-14%;-13%;-10%;-6%;-5%;-4%;-2%;-2%;6%;10%;6%;5%;6%;4%;4%;4%;1%;1%;-1%;-5%;-5%;-11%;-7%;-7%;-5%;-4%;-2%;-1%;3%;6%;10%;13%;16%;21%;19%;21%;21%;18%;17%;17%;14%;13%;11%;12%;8%;8%;7%;8%;8%;10%;9%;7%;8%;7%;7%;6%;7%;5%;5%;1%;-1%;-3%;-5%;-4%;-4%;-5%;-5%;-6%;-5%;-4%;-3%;-1%;0%;2%;3%;3%;3%;3%;6%;6%;5%;2%;-2%;-5%;-4%;-9%;-12%;-13%;-14%;-14%;-15%;-14%;-14%;-9%;-5%;1%;1%;6%;15%;18%;19%;19%;18%;16%;16%;15%;13%;12%;11%;8%;1%;0%;0%;-1%;-1%;0%;-1%;-3%;-5%;-9%;-10%;-12%;-13%;-16%;-16%;-18%;-20%;-21%;-22%;-24%;-24%;-23%;-23%;-21%;;;;;;;;;;;;;;;;;;;;;;;;;;;;;;;;;;;;;;;;;;;;;;;;;;;;;;;;;;;;;;;;;;;;;;;
93;Seine-St-Denis;;;;;;;;;;;;;-1%;-1%;-4%;-4%;-3%;-2%;-3%;-4%;-4%;-3%;-3%;-3%;-2%;-1%;0%;-2%;-2%;-2%;-2%;-1%;-1%;-4%;-3%;-4%;-4%;-2%;-3%;-3%;-2%;-2%;-1%;-2%;-1%;-1%;0%;-1%;-1%;-5%;-6%;-5%;-7%;-8%;-9%;-10%;-13%;-13%;-19%;-18%;-20%;-21%;-20%;-22%;-22%;-21%;-21%;-19%;-16%;-11%;1%;1%;6%;11%;16%;21%;24%;24%;27%;29%;29%;24%;17%;18%;15%;12%;10%;10%;10%;10%;6%;3%;-1%;2%;1%;-3%;-5%;-7%;-7%;-13%;-18%;-19%;-18%;-18%;-17%;-25%;-25%;-22%;-20%;-18%;-17%;-14%;-10%;-9%;-7%;-4%;-4%;3%;5%;6%;4%;5%;3%;3%;5%;3%;1%;-1%;-3%;-3%;-4%;-7%;-5%;-4%;-3%;-1%;-1%;0%;5%;9%;12%;13%;13%;17%;17%;14%;14%;15%;12%;12%;9%;7%;5%;5%;7%;6%;6%;10%;12%;11%;12%;13%;14%;13%;15%;14%;12%;12%;10%;7%;4%;3%;1%;1%;0%;1%;-1%;0%;-1%;-1%;0%;1%;3%;4%;6%;6%;5%;6%;5%;4%;2%;0%;-4%;-3%;-6%;-10%;-11%;-13%;-12%;-12%;-11%;-11%;-5%;-1%;8%;7%;10%;17%;20%;23%;20%;18%;17%;16%;13%;10%;6%;6%;3%;1%;-2%;-3%;-2%;-3%;-2%;-3%;-5%;-6%;-9%;-11%;-13%;-15%;-16%;-18%;-20%;-23%;-23%;-24%;-24%;-24%;-23%;-24%;-21%;;;;;;;;;;;;;;;;;;;;;;;;;;;;;;;;;;;;;;;;;;;;;;;;;;;;;;;;;;;;;;;;;;;;;;;
94;Val-de-Marne;;;;;;;;;;;;;2%;1%;-2%;-1%;0%;0%;0%;0%;0%;0%;-2%;0%;-1%;0%;0%;-1%;0%;-2%;-3%;-3%;-3%;-4%;-4%;-5%;-5%;-4%;-3%;-3%;-3%;-3%;-1%;-2%;-2%;-3%;-1%;-3%;-3%;-5%;-7%;-7%;-8%;-10%;-11%;-12%;-14%;-15%;-19%;-20%;-22%;-23%;-23%;-23%;-24%;-22%;-20%;-17%;-13%;-8%;0%;6%;12%;19%;25%;28%;32%;33%;33%;32%;31%;27%;22%;20%;18%;13%;10%;10%;9%;7%;3%;0%;-2%;-1%;-1%;-5%;-8%;-10%;-11%;-17%;-21%;-20%;-18%;-17%;-17%;-23%;-24%;-21%;-18%;-16%;-14%;-10%;-5%;-5%;-5%;-2%;1%;8%;10%;11%;8%;9%;6%;6%;6%;4%;3%;-1%;-6%;-5%;-6%;-9%;-7%;-5%;-3%;-1%;-1%;3%;7%;12%;17%;18%;18%;19%;20%;19%;17%;17%;16%;12%;10%;7%;5%;4%;5%;7%;7%;7%;9%;8%;9%;11%;11%;10%;10%;11%;9%;7%;5%;3%;0%;-2%;-2%;-3%;-4%;-4%;-4%;-4%;-3%;-2%;0%;1%;4%;5%;6%;7%;8%;10%;8%;8%;4%;1%;-3%;-2%;-6%;-10%;-10%;-11%;-11%;-12%;-12%;-12%;-6%;-3%;4%;3%;7%;13%;16%;15%;12%;12%;12%;12%;8%;8%;7%;5%;4%;0%;-3%;-3%;-1%;-2%;-2%;-2%;-4%;-7%;-9%;-11%;-12%;-15%;-17%;-18%;-20%;-22%;-23%;-24%;-25%;-25%;-25%;-25%;-24%;;;;;;;;;;;;;;;;;;;;;;;;;;;;;;;;;;;;;;;;;;;;;;;;;;;;;;;;;;;;;;;;;;;;;;;
95;Val-dOise;;;;;;;;;;;;;0%;0%;-1%;-1%;-2%;-2%;-1%;0%;-1%;1%;0%;-1%;-1%;1%;0%;-2%;0%;-1%;-3%;-3%;-2%;-5%;-5%;-4%;-4%;-4%;-3%;-3%;-4%;-5%;-4%;-5%;-5%;-4%;-3%;-5%;-6%;-7%;-10%;-9%;-11%;-12%;-13%;-15%;-17%;-19%;-22%;-23%;-24%;-26%;-24%;-25%;-23%;-21%;-18%;-15%;-10%;-3%;4%;10%;15%;25%;28%;32%;35%;36%;36%;38%;34%;28%;24%;23%;20%;13%;11%;11%;7%;5%;2%;-2%;-3%;-3%;-2%;-7%;-10%;-11%;-12%;-17%;-19%;-20%;-19%;-18%;-17%;-22%;-23%;-20%;-17%;-15%;-14%;-10%;-7%;-5%;-4%;-1%;0%;5%;7%;7%;4%;8%;5%;4%;4%;1%;0%;-2%;-4%;-5%;-5%;-5%;-3%;-7%;-2%;0%;3%;6%;9%;12%;15%;16%;16%;16%;17%;18%;15%;14%;11%;10%;8%;5%;5%;5%;6%;8%;9%;9%;12%;12%;13%;15%;15%;16%;15%;14%;11%;9%;7%;5%;2%;1%;0%;-1%;-2%;-1%;-2%;0%;0%;1%;2%;2%;4%;5%;7%;8%;8%;10%;9%;9%;11%;4%;0%;2%;-2%;-6%;-8%;-10%;-9%;-9%;-9%;-10%;-12%;-2%;6%;4%;9%;18%;20%;20%;18%;15%;14%;14%;15%;9%;5%;5%;1%;-3%;-6%;-7%;-6%;-7%;-7%;-7%;-9%;-11%;-13%;-14%;-15%;-18%;-19%;-20%;-22%;-23%;-24%;-25%;-26%;-26%;-26%;-26%;-25%;;;;;;;;;;;;;;;;;;;;;;;;;;;;;;;;;;;;;;;;;;;;;;;;;;;;;;;;;;;;;;;;;;;;;;;
971;Guadeloupe;;;;;;;;;;;;;-1%;1%;2%;6%;6%;4%;5%;4%;1%;4%;2%;6%;4%;5%;-1%;-1%;2%;0%;0%;2%;3%;3%;8%;7%;7%;11%;16%;16%;12%;16%;16%;15%;16%;15%;7%;5%;6%;1%;-5%;-7%;-9%;-13%;-13%;-17%;-21%;-25%;-24%;-26%;-30%;-32%;-29%;-32%;-29%;-28%;-29%;-24%;-20%;-18%;-19%;-14%;-7%;-3%;-2%;4%;4%;2%;6%;6%;8%;10%;15%;14%;12%;9%;7%;6%;3%;8%;6%;1%;-2%;-2%;-3%;-5%;0%;3%;11%;8%;9%;4%;4%;10%;13%;7%;6%;6%;-5%;-10%;-15%;-13%;-11%;-8%;-6%;-9%;-10%;-5%;-5%;-2%;3%;7%;10%;9%;10%;6%;7%;7%;7%;6%;5%;0%;1%;1%;-6%;-1%;-3%;1%;0%;-2%;-3%;-3%;-1%;3%;4%;5%;10%;4%;3%;0%;0%;1%;2%;2%;-1%;-2%;-3%;-3%;-3%;-1%;-2%;-1%;2%;2%;3%;4%;4%;4%;4%;4%;2%;1%;3%;8%;5%;5%;4%;6%;7%;6%;8%;6%;11%;12%;14%;6%;6%;8%;7%;3%;5%;3%;-4%;-2%;-11%;-13%;-13%;-13%;-13%;-14%;-13%;-9%;-10%;-6%;0%;3%;9%;13%;14%;16%;14%;13%;17%;11%;11%;9%;10%;5%;5%;4%;2%;4%;9%;10%;9%;10%;11%;10%;7%;9%;9%;7%;5%;0%;-2%;-7%;-9%;-10%;-14%;-13%;-13%;-15%;-16%;;;;;;;;;;;;;;;;;;;;;;;;;;;;;;;;;;;;;;;;;;;;;;;;;;;;;;;;;;;;;;;;;;;;;;;
972;Martinique;;;;;;;;;;;;;8%;1%;-1%;1%;8%;7%;6%;2%;4%;9%;4%;-1%;2%;3%;7%;3%;5%;5%;6%;8%;8%;9%;19%;22%;22%;23%;20%;21%;17%;18%;18%;17%;15%;5%;-6%;-8%;-11%;-12%;-13%;-12%;-13%;-14%;-14%;-16%;-16%;-12%;-8%;-9%;-8%;-11%;-10%;-13%;-17%;-17%;-20%;-20%;-18%;-17%;-18%;-17%;-16%;-14%;-13%;-9%;-3%;-2%;3%;6%;5%;0%;3%;6%;7%;6%;7%;1%;-1%;-1%;-5%;-8%;-7%;-1%;0%;-3%;-4%;-3%;0%;5%;7%;4%;5%;9%;10%;5%;1%;-2%;-4%;-6%;-7%;-11%;-10%;-7%;-5%;-8%;-12%;-7%;-3%;1%;4%;8%;8%;10%;8%;6%;3%;4%;6%;3%;-1%;-2%;-2%;-1%;-3%;-1%;1%;5%;5%;8%;5%;7%;10%;10%;12%;7%;8%;5%;6%;1%;6%;2%;8%;6%;5%;7%;4%;5%;3%;7%;4%;10%;1%;5%;3%;5%;1%;-1%;1%;4%;7%;3%;5%;4%;13%;13%;9%;9%;12%;14%;10%;7%;9%;7%;9%;7%;0%;2%;3%;4%;0%;-2%;-2%;-3%;-9%;-5%;-9%;-10%;-8%;-10%;-10%;-13%;-4%;-3%;3%;8%;12%;15%;17%;17%;21%;21%;24%;28%;20%;20%;19%;15%;15%;10%;12%;12%;7%;6%;5%;3%;4%;2%;-2%;-5%;-8%;-10%;-11%;-11%;-10%;-12%;-12%;-13%;-17%;-17%;-16%;-14%;-11%;;;;;;;;;;;;;;;;;;;;;;;;;;;;;;;;;;;;;;;;;;;;;;;;;;;;;;;;;;;;;;;;;;;;;;;
973;Guyane;;;;;;;;;;;;;11%;10%;9%;8%;26%;28%;29%;19%;9%;16%;17%;21%;24%;28%;22%;18%;4%;-6%;11%;20%;30%;13%;17%;14%;10%;9%;9%;10%;16%;24%;-5%;-3%;-8%;-4%;-10%;-6%;-8%;-5%;-2%;-1%;-2%;-2%;8%;-6%;-3%;-3%;-3%;-10%;-4%;-11%;-16%;-21%;-25%;-26%;-23%;-15%;-19%;-17%;-15%;-5%;-8%;1%;8%;13%;20%;27%;26%;30%;35%;34%;33%;20%;19%;3%;-1%;-2%;-4%;-13%;-16%;-21%;-23%;-26%;-24%;-21%;-20%;-12%;-11%;-9%;-9%;-2%;4%;9%;11%;16%;10%;10%;11%;12%;12%;5%;4%;3%;-3%;-4%;1%;2%;-1%;-1%;-7%;-9%;-6%;-4%;-1%;-3%;-3%;-7%;-16%;-20%;-14%;-17%;-9%;-6%;-12%;-10%;-11%;-8%;-4%;-1%;4%;9%;12%;15%;11%;9%;8%;7%;4%;1%;0%;2%;0%;-4%;-10%;-16%;-17%;-19%;-13%;-13%;-13%;-11%;-10%;-17%;-13%;-12%;-6%;3%;2%;9%;9%;10%;10%;13%;15%;23%;22%;26%;15%;18%;23%;17%;10%;11%;14%;7%;2%;6%;4%;-2%;5%;-4%;-9%;-9%;-11%;-10%;-12%;-10%;-8%;-9%;-8%;-1%;1%;12%;20%;28%;44%;45%;45%;47%;48%;43%;42%;35%;33%;26%;21%;10%;3%;0%;0%;-3%;-6%;-5%;-6%;-6%;-7%;-10%;-10%;-9%;-10%;-16%;-14%;-10%;-7%;-3%;0%;1%;-2%;0%;2%;4%;5%;;;;;;;;;;;;;;;;;;;;;;;;;;;;;;;;;;;;;;;;;;;;;;;;;;;;;;;;;;;;;;;;;;;;;;;
974;Réunion;;;;;;;;;;;;;1%;-2%;-2%;1%;0%;1%;-2%;1%;3%;2%;2%;-1%;1%;0%;1%;0%;0%;-2%;0%;-1%;-3%;-2%;-1%;0%;-2%;0%;0%;-1%;-1%;2%;2%;1%;3%;-1%;-3%;-2%;-1%;-3%;-6%;-2%;-3%;-7%;-6%;-8%;-9%;-11%;-13%;-15%;-18%;-18%;-15%;-20%;-22%;-21%;-20%;-19%;-18%;-13%;-8%;-5%;-1%;3%;3%;11%;16%;19%;19%;23%;22%;20%;16%;18%;18%;14%;15%;12%;12%;13%;9%;9%;10%;13%;15%;10%;9%;10%;6%;5%;2%;-2%;0%;0%;-2%;-11%;-15%;-12%;-12%;-11%;-9%;-9%;-6%;-4%;-4%;-3%;-4%;5%;10%;9%;6%;7%;4%;6%;5%;3%;2%;0%;1%;-1%;-4%;-5%;-3%;-2%;2%;2%;4%;4%;5%;7%;8%;8%;10%;13%;14%;15%;11%;14%;12%;13%;15%;14%;14%;14%;13%;11%;10%;8%;11%;6%;5%;6%;4%;5%;5%;5%;5%;5%;5%;4%;2%;4%;3%;1%;-1%;-1%;-1%;-1%;-2%;1%;0%;3%;5%;5%;8%;10%;14%;15%;13%;14%;10%;9%;6%;3%;0%;-3%;-6%;-8%;-8%;-6%;-7%;-5%;3%;4%;10%;12%;18%;26%;30%;32%;30%;26%;28%;24%;19%;16%;14%;13%;8%;2%;-1%;-2%;-1%;-3%;-3%;-2%;-4%;-5%;-8%;-9%;-10%;-9%;-10%;-10%;-14%;-14%;-15%;-17%;-18%;-18%;-18%;-21%;-19%;;;;;;;;;;;;;;;;;;;;;;;;;;;;;;;;;;;;;;;;;;;;;;;;;;;;;;;;;;;;;;;;;;;;;;;
00;France;;;;;;;;;;;;;0%;-1%;-1%;-1%;0%;-1%;-1%;0%;0%;1%;0%;0%;1%;2%;2%;1%;2%;2%;2%;1%;1%;-1%;-1%;-1%;-1%;-1%;-1%;-1%;-1%;-1%;-2%;-2%;-2%;-2%;-1%;-2%;-3%;-5%;-6%;-6%;-8%;-10%;-10%;-11%;-14%;-14%;-18%;-19%;-20%;-21%;-21%;-22%;-22%;-20%;-19%;-17%;-14%;-10%;-5%;0%;3%;8%;12%;16%;19%;21%;23%;24%;25%;22%;20%;20%;19%;16%;14%;13%;12%;11%;7%;5%;2%;5%;5%;1%;-1%;-3%;-3%;-7%;-10%;-11%;-10%;-10%;-10%;-18%;-19%;-17%;-15%;-13%;-12%;-10%;-7%;-6%;-5%;-3%;-1%;6%;9%;7%;6%;6%;4%;4%;3%;1%;0%;-3%;-6%;-6%;-9%;-8%;-6%;-5%;-4%;-2%;-1%;2%;5%;10%;13%;14%;15%;15%;16%;15%;14%;13%;12%;10%;9%;6%;6%;6%;8%;8%;8%;9%;11%;11%;11%;13%;13%;12%;12%;12%;9%;9%;7%;5%;4%;3%;2%;2%;1%;1%;0%;0%;1%;1%;2%;3%;4%;5%;6%;6%;6%;8%;8%;9%;8%;4%;0%;1%;-2%;-4%;-5%;-6%;-4%;-5%;-5%;-5%;-3%;5%;12%;11%;17%;23%;24%;24%;21%;20%;20%;19%;18%;13%;10%;8%;4%;1%;-1%;-2%;-2%;-3%;-4%;-5%;-7%;-8%;-10%;-12%;-12%;-14%;-16%;-16%;-18%;-19%;-19%;-20%;-21%;-20%;-19%;-20%;-19%;;;;;;;;;;;;;;;;;;;;;;;;;;;;;;;;;;;;;;;;;;;;;;;;;;;;;;;;;;;;;;;;;;;;;;;
